H.m,H.E,t1.m,t1.E,t2.m,t2.E,METx,METy,trueMETx,trueMETy,dm1,pt1,eta1,phi1,mass1,type1,dm2,pt2,eta2,phi2,mass2,type2,covXX,covXY,covYY
124.98317,308.5479,1.77682,165.22824,1.77682,143.31966,-9.442579,2.1179504,18.957664,36.19826,1,24.563498,-1.4605249,0.70412695,2.0262752,-1,3,33.678257,-1.4854528,3.100263,0.1056583755,-1,269.52673482853834,4.356177084980548,291.4109126224408
124.99832,370.21075,1.77682,335.38892,1.77682,34.821857,-21.686937,63.386578,-28.241568,75.19473,1,98.1837,1.2029635,1.8061188,0.8417679,-1,1,48.73172,1.0021273,-1.7632704,14.15066,-1,269.52673482853834,4.356177084980548,291.4109126224408
124.9993,133.904,1.77682,56.359066,1.77682,77.544945,22.522974,-46.238045,-0.08584705,-22.694698,1,25.239983,0.7144637,-1.5093961,0.8589176,-1,1,90.9184,-0.065569215,1.9459571,3.7820284,-1,269.52673482853834,4.356177084980548,291.4109126224408
124.99386,755.0969,1.77682,376.58182,1.77682,378.51514,2.954789,5.288312,5.5273247,-5.9092774,1,46.19603,2.5040438,-0.8417285,1.0404544,-1,1,57.870594,2.4628456,2.370752,1.2561816,-1,269.52673482853834,4.356177084980548,291.4109126224408
124.99865,296.99594,1.77682,41.89565,1.77682,255.1003,-12.05229,-29.617126,-4.658371,-7.5166306,1,41.567513,0.62789714,-1.9836482,7.1553226,-1,1,72.94308,1.9945248,1.236353,4.1329226,-1,269.52673482853834,4.356177084980548,291.4109126224408
125.004,153.65375,1.77682,41.58176,1.77682,112.07199,-17.107244,5.685901,-7.3126698,11.35803,1,57.930595,0.017500605,-1.2360524,10.314388,-1,2,51.221848,-1.0202765,2.0494251,0.0005109989499999,-1,269.52673482853834,4.356177084980548,291.4109126224408
124.998726,861.0105,1.77682,447.42572,1.77682,413.5848,3.090852,-41.78844,7.402997,-53.975494,1,27.474152,-2.2473047,-1.1237527,1.9260726,-1,1,23.00892,-2.9565759,2.7818372,2.1003854,-1,269.52673482853834,4.356177084980548,291.4109126224408
124.99483,295.3568,1.77682,38.95603,1.77682,256.4008,40.886345,-43.282,43.764843,-42.198486,3,10.473996,-0.15165147,0.246981,0.1056583755,-1,1,33.656986,-1.8186976,-1.3301224,2.0098567,-1,269.52673482853834,4.356177084980548,291.4109126224408
125.08518,150.57228,1.77682,94.1344,1.77682,56.437878,-39.227253,-15.77272,-7.732909,3.8207877,1,126.00043,0.14390749,0.5469278,5.3390503,-1,1,33.708668,-0.8897431,2.643251,3.1918962,-1,269.52673482853834,4.356177084980548,291.4109126224408
125.00291,910.9517,1.77682,144.46863,1.77682,766.4831,44.380898,-15.49608,36.996742,0.8880023,1,25.054314,1.6497227,-3.1320105,1.210775,-1,1,25.565838,2.9410968,1.777974,1.6548873,-1,269.52673482853834,4.356177084980548,291.4109126224408
125.00634,267.1041,1.77682,46.635418,1.77682,220.46867,31.896584,-26.377544,31.41687,-6.0685997,1,64.49311,-0.46262097,2.6001334,7.491158,-1,2,20.770432,-2.0403485,-0.1925187,0.0005109989499999,-1,269.52673482853834,4.356177084980548,291.4109126224408
124.99996,201.28781,1.77682,89.01238,1.77682,112.27543,-15.554769,-30.251942,-13.010535,-18.389427,3,33.5732,0.9105714,-2.0828938,0.1056583755,-1,1,54.020023,1.1682608,1.4580674,1.4012939,-1,269.52673482853834,4.356177084980548,291.4109126224408
124.99843,130.16245,1.77682,78.26127,1.77682,51.901176,14.020047,26.41001,6.685999,12.919918,1,45.560738,-0.645528,1.1894178,0.14869592,-1,1,49.850864,0.22310495,-1.8479663,0.87175965,-1,269.52673482853834,4.356177084980548,291.4109126224408
125.000946,919.27716,1.77682,550.64935,1.77682,368.62787,-18.938448,7.074904,-21.875996,10.43749,1,43.101513,-2.5959592,1.9934635,2.2409894,-1,1,30.994886,-2.6009161,-1.7382697,-2.6973983e-06,-1,269.52673482853834,4.356177084980548,291.4109126224408
124.996056,207.31653,1.77682,153.01978,1.77682,54.296745,19.304321,-63.02378,11.002536,-70.69575,1,47.387093,0.7717063,-1.3759938,0.14819235,-1,1,42.218063,-0.6733767,-2.1440542,1.5120472,-1,269.52673482853834,4.356177084980548,291.4109126224408
125.00176,625.88446,1.77682,198.6058,1.77682,427.27863,-1.0982275,10.671891,-6.453509,11.275092,1,39.676693,1.8981646,2.1004438,1.3138267,-1,1,47.111946,2.7142248,-1.0048742,2.2924354,-1,269.52673482853834,4.356177084980548,291.4109126224408
125.00344,181.60408,1.77682,83.95701,1.77682,97.64707,-17.727962,25.027916,-20.641188,19.848751,1,69.114784,-0.075515285,-2.548175,1.063644,-1,3,17.841722,0.7440784,2.3065233,0.1056583755,-1,269.52673482853834,4.356177084980548,291.4109126224408
124.95193,457.01825,1.77682,410.86917,1.77682,46.149075,-5.059136,1.0616345,11.408444,2.7473893,1,43.17367,2.7660124,-0.10819716,5.6086955,-1,3,27.235981,0.8573663,2.6241481,0.1056583755,-1,269.52673482853834,4.356177084980548,291.4109126224408
125.011505,2217.6702,1.77682,880.35175,1.77682,1337.3184,3.296832,0.986665,-2.0065536,-2.9210582,1,56.24975,-3.2381191,1.1351507,0.5092752,-1,1,47.530857,-3.8713396,-2.1899967,1.541403,-1,269.52673482853834,4.356177084980548,291.4109126224408
124.95994,153.54008,1.77682,109.65691,1.77682,43.883175,22.36039,-4.7993336,6.334447,-7.496106,1,89.952515,0.2575693,-0.49601647,0.6821294,-1,1,36.395725,0.6159378,3.0312965,2.980563,-1,269.52673482853834,4.356177084980548,291.4109126224408
125.000824,184.01196,1.77682,52.58339,1.77682,131.42857,-11.8801365,8.183598,4.602571,13.782086,1,32.15915,-0.0584089,0.6005208,0.000562681,-1,3,11.676935,-2.2600868,-3.0358472,0.1056583755,-1,269.52673482853834,4.356177084980548,291.4109126224408
125.00648,267.99347,1.77682,142.79051,1.77682,125.20297,45.511395,-1.351243,40.172577,-4.4272375,1,48.215294,1.2633976,1.5019528,7.343225,-1,2,16.828701,1.2173303,-0.6871607,0.0005109989499999,-1,269.52673482853834,4.356177084980548,291.4109126224408
125.00154,291.07727,1.77682,264.77496,1.77682,26.302307,24.761374,1.8925657,1.6164405,-1.3372496,1,55.618088,-2.0561404,-1.0559044,4.5622277,-1,1,25.068714,-0.11343659,1.8239062,3.4871485,-1,269.52673482853834,4.356177084980548,291.4109126224408
124.99838,155.09427,1.77682,103.75812,1.77682,51.33615,-3.831641,-1.5192019,4.5344977,-5.0693984,2,16.273756,-1.3432783,0.68687123,0.0005109989499999,-1,3,16.790327,-0.027222391,-2.2467577,0.1056583755,-1,269.52673482853834,4.356177084980548,291.4109126224408
125.00373,371.4102,1.77682,268.0545,1.77682,103.35569,0.25121975,5.167278,0.8924708,1.5750105,1,51.18373,2.1884677,-1.0535148,5.141243,-1,1,40.964058,1.2578139,1.9239844,0.81305164,-1,269.52673482853834,4.356177084980548,291.4109126224408
124.9964,648.4621,1.77682,377.0019,1.77682,271.46024,-29.808794,-14.542511,-23.691267,-12.788209,1,25.81945,-2.359698,-2.6491778,0.1525718,-1,1,47.070663,-2.1755435,0.47107285,7.0230684,-1,269.52673482853834,4.356177084980548,291.4109126224408
125.00623,152.01755,1.77682,66.699646,1.77682,85.3179,15.844771,-18.781343,23.583242,-11.184945,1,58.958874,0.12227929,0.7297517,1.9027162,-1,1,55.03479,0.36667144,-1.2897159,1.33252,-1,269.52673482853834,4.356177084980548,291.4109126224408
124.99715,1938.1505,1.77682,327.84558,1.77682,1610.3049,49.56384,125.2388,36.567875,86.272575,1,41.440536,2.8215435,0.01838219,1.3001834,-1,1,171.59642,2.4731665,1.2609643,11.053978,-1,269.52673482853834,4.356177084980548,291.4109126224408
124.99956,197.07857,1.77682,72.32041,1.77682,124.75816,2.8699338,-7.4145203,8.33205,8.584367,1,66.924,-0.8585078,-1.6781874,6.7553377,-1,1,88.73565,-0.9878692,0.9000552,1.9684857,-1,269.52673482853834,4.356177084980548,291.4109126224408
125.000496,174.38368,1.77682,47.968967,1.77682,126.41472,16.863512,-13.975767,0.7316193,-16.446062,1,37.458256,0.07486029,2.0456421,1.3050592,-1,1,24.570389,1.6560138,-1.4058442,1.4342628,-1,269.52673482853834,4.356177084980548,291.4109126224408
124.96437,140.93423,1.77682,78.96862,1.77682,61.965607,-14.6010065,-6.2237616,-3.4133525,-19.759476,1,47.259277,0.7585756,-2.3018177,0.14823104,-1,1,47.795963,-0.6058404,-0.32497314,0.93721235,-1,269.52673482853834,4.356177084980548,291.4109126224408
125.000305,1174.5964,1.77682,240.63898,1.77682,933.9575,-16.131805,-14.228833,-9.867321,-16.96322,1,55.249283,2.196043,0.67282283,5.559068,-1,1,22.854733,3.747206,-2.1077602,2.191063,-1,269.52673482853834,4.356177084980548,291.4109126224408
125.007996,695.2671,1.77682,399.81183,1.77682,295.4553,18.826412,15.5949745,8.009759,12.170858,1,86.63355,-2.246261,-2.0316732,7.18077,-1,1,51.49863,-2.4215171,1.2849133,12.587628,-1,269.52673482853834,4.356177084980548,291.4109126224408
125.00096,138.2532,1.77682,71.844864,1.77682,66.40835,32.016636,39.274796,28.462996,42.445213,1,67.602005,0.56885076,-2.0378547,5.6308274,-1,3,11.344688,0.38671297,1.0059612,0.1056583755,-1,269.52673482853834,4.356177084980548,291.4109126224408
125.00154,244.94275,1.77682,82.92145,1.77682,162.02129,-1.7367101,11.674875,7.497579,-0.97321,1,26.191141,-0.92309666,-1.6573316,2.2983677,-1,1,24.763195,-1.6729891,1.3063962,2.030486,-1,269.52673482853834,4.356177084980548,291.4109126224408
124.99958,1570.473,1.77682,1194.5348,1.77682,375.93823,10.8490095,-0.8575619,13.2829685,-3.8098927,1,45.547108,-3.7825577,3.1103919,1.4644321,-1,1,38.355583,-2.5744631,-0.29780474,1.5093755,-1,269.52673482853834,4.356177084980548,291.4109126224408
124.98028,719.4584,1.77682,379.70328,1.77682,339.7551,11.6782055,-3.7730572,-4.098111,-10.161298,1,62.10978,-2.5299497,1.8659366,2.9952178,-1,1,60.451912,-2.251697,-1.8258252,0.14507143,-1,269.52673482853834,4.356177084980548,291.4109126224408
124.9931,689.05927,1.77682,497.11246,1.77682,191.94682,-2.2435236,-24.191738,-11.693847,-26.003342,1,52.171032,2.4527204,-1.9211612,3.3471918,-1,1,41.70836,2.105353,1.5389841,2.0866978,-1,269.52673482853834,4.356177084980548,291.4109126224408
124.99917,133.54854,1.77682,60.99898,1.77682,72.54956,-6.671779,-1.1931242,-1.318066,-4.219817,1,54.821957,-0.062850505,1.9575168,2.2558274,-1,1,51.307022,-0.6504696,-1.3824843,0.14764091,-1,269.52673482853834,4.356177084980548,291.4109126224408
124.9982,216.17168,1.77682,187.65282,1.77682,28.518864,21.051512,6.1131,38.277596,-0.96853167,1,27.95267,-1.6212524,0.084015146,0.8845258,-1,1,26.339901,0.077190146,-2.5757134,3.6652358,-1,269.52673482853834,4.356177084980548,291.4109126224408
124.99725,559.03,1.77682,312.27832,1.77682,246.75175,5.0484457,19.508133,-5.6581984,17.454762,1,58.139053,-2.015342,2.16884,0.971178,-1,1,56.694675,-1.8313394,0.35244817,0.14579836,-1,269.52673482853834,4.356177084980548,291.4109126224408
125.00013,714.24994,1.77682,590.23596,1.77682,124.014,-2.924269,-5.089936,6.3893833,-6.4857864,1,22.381153,3.400035,2.351412,1.8529186,-1,1,33.521812,1.5768546,-0.6428099,3.2112567,-1,269.52673482853834,4.356177084980548,291.4109126224408
124.998215,362.11053,1.77682,194.15787,1.77682,167.95267,-5.347344,-19.33609,1.5580039,-16.215155,2,31.920074,-1.8399326,-1.5561504,0.0005109989499999,-1,1,56.155785,-1.6023355,1.5922426,1.5779005,-1,269.52673482853834,4.356177084980548,291.4109126224408
125.000595,249.69632,1.77682,185.38022,1.77682,64.3161,-17.304356,-2.5137775,-7.635634,22.360344,1,65.741295,1.1987575,1.5523424,6.6801133,-1,2,11.066406,1.0859709,-1.924989,0.0005109989499999,-1,269.52673482853834,4.356177084980548,291.4109126224408
125.0041,201.995,1.77682,82.87426,1.77682,119.120735,6.409676,-8.859921,-5.7764783,-20.71044,1,39.74099,0.86320496,0.9003045,5.105536,-1,2,27.108465,1.2428182,-2.0672455,0.0005109989499999,-1,269.52673482853834,4.356177084980548,291.4109126224408
125.000534,127.360855,1.77682,66.97541,1.77682,60.385445,-6.0579205,38.55166,-12.509854,28.925701,1,54.995857,0.8162777,-1.3541976,1.1396989,-1,2,20.773632,-0.37025246,1.9574622,0.0005109989499999,-1,269.52673482853834,4.356177084980548,291.4109126224408
124.99744,236.1312,1.77682,161.91061,1.77682,74.22058,24.968649,-14.881174,22.793022,-3.5907345,1,71.37087,1.064128,0.28809923,2.5577188,-1,2,22.278265,1.2061908,-2.4537911,0.0005109989499999,-1,269.52673482853834,4.356177084980548,291.4109126224408
124.99957,143.09523,1.77682,60.128334,1.77682,82.9669,23.413023,36.037632,2.9102626,4.701844,1,33.462864,-0.71531755,1.0142174,2.7597392,-1,1,101.35505,-0.33395094,-2.1192617,4.306988,-1,269.52673482853834,4.356177084980548,291.4109126224408
125.00026,226.46129,1.77682,34.606323,1.77682,191.85497,11.056954,9.986569,-5.956562,10.438196,3,12.407267,-0.011465031,-3.0516794,0.1056583755,-1,3,34.168613,-1.9700555,0.73370767,0.1056583755,-1,269.52673482853834,4.356177084980548,291.4109126224408
125.00002,480.19327,1.77682,410.21558,1.77682,69.977684,-4.9040275,9.065081,0.24182312,5.2765307,1,49.869102,-2.5968392,1.912389,2.141052,-1,1,50.65678,-1.0107186,-2.4709222,2.0077555,-1,269.52673482853834,4.356177084980548,291.4109126224408
125.002625,1052.0127,1.77682,273.3265,1.77682,778.6862,14.93595,7.547781,7.2524285,8.540166,1,43.3058,2.275508,0.8021295,1.4233648,-1,1,58.15927,3.406212,-2.5148897,4.2285423,-1,269.52673482853834,4.356177084980548,291.4109126224408
125.00326,153.13533,1.77682,84.208755,1.77682,68.926575,-14.747248,-6.670067,0.6821116,2.164121,1,45.305367,1.0409876,-1.8216988,1.5172358,-1,1,66.85086,0.34259558,1.219849,2.437931,-1,269.52673482853834,4.356177084980548,291.4109126224408
124.99453,426.78027,1.77682,70.83391,1.77682,355.94635,-83.133286,-202.28905,-40.413982,-180.7462,1,54.403957,-0.39195737,-2.4001815,2.377643,-1,1,180.02061,0.105441906,-1.733581,2.9506955,-1,269.52673482853834,4.356177084980548,291.4109126224408
125.004425,213.03894,1.77682,133.57751,1.77682,79.46142,-11.800235,-16.335445,7.7019386,-24.641197,1,66.06972,0.9056339,-2.7214906,0.6293292,-1,1,31.542969,0.87280935,-0.6591868,2.8616116,-1,269.52673482853834,4.356177084980548,291.4109126224408
125.00118,131.22543,1.77682,52.785427,1.77682,78.44,2.0755417,-3.7510273,1.4794254,-9.616804,1,48.533123,0.43891668,1.8539237,0.82720107,-1,3,36.911938,-1.0494223,-1.3718791,0.1056583755,-1,269.52673482853834,4.356177084980548,291.4109126224408
125.00169,126.69413,1.77682,58.147854,1.77682,68.54628,2.7472196,-4.2663064,-2.769772,-7.8193817,1,23.670326,-0.9543785,-2.3574402,1.3196272,-1,1,33.884037,1.0398203,0.30514216,0.15134396,-1,269.52673482853834,4.356177084980548,291.4109126224408
124.99674,804.47595,1.77682,406.10355,1.77682,398.37244,-3.6652813,-15.071873,-4.83385,-11.993842,1,61.25114,2.4397328,1.4344916,1.1139476,-1,1,25.03099,2.7072022,-1.8469738,1.1935012,-1,269.52673482853834,4.356177084980548,291.4109126224408
124.992485,244.13588,1.77682,44.34952,1.77682,199.78636,-26.451204,-4.0747743,-7.795183,-12.204786,1,36.53786,-0.28083083,-0.34268993,2.5554798,-1,1,27.809616,-2.0585787,-2.6666481,0.5883229,-1,269.52673482853834,4.356177084980548,291.4109126224408
125.00552,129.12784,1.77682,57.512173,1.77682,71.61566,-0.884759,-5.0856147,-0.18144779,-14.222633,2,36.22027,0.18422438,2.3762832,0.0005109989499999,-1,1,40.82274,-0.48652548,-1.1337029,3.56733,-1,269.52673482853834,4.356177084980548,291.4109126224408
125.0004,996.53766,1.77682,466.06055,1.77682,530.4771,-27.448292,37.765495,-3.0340908,5.9865394,1,32.192596,-2.732736,2.7964306,2.2061489,-1,1,53.21996,-2.8198261,-0.2368745,1.7780186,-1,269.52673482853834,4.356177084980548,291.4109126224408
125.01568,197.59659,1.77682,42.65487,1.77682,154.94173,51.572235,-98.42797,50.93652,-79.19922,1,31.937155,-0.658928,0.817282,1.2173823,-1,3,59.258457,-0.056762744,-1.020456,0.1056583755,-1,269.52673482853834,4.356177084980548,291.4109126224408
125.00175,138.10316,1.77682,62.616905,1.77682,75.48627,-36.812477,-7.6137953,-12.97057,17.751537,1,35.26569,-1.4372073,-0.4345079,5.5568624,-1,1,44.365314,0.34306225,2.231814,0.1493187,-1,269.52673482853834,4.356177084980548,291.4109126224408
125.0011,178.86743,1.77682,37.600376,1.77682,141.26706,10.404106,-6.522782,4.2669845,-9.185457,2,21.95135,-0.23806296,-1.0239226,0.0005109989499999,-1,1,34.069004,1.9610403,2.279177,1.1192242,-1,269.52673482853834,4.356177084980548,291.4109126224408
124.99288,210.40181,1.77682,82.768196,1.77682,127.63362,-12.140314,-20.072796,-25.25757,-44.142166,1,40.7634,0.03051977,-2.1358376,0.11403823,-1,3,27.84021,2.0275342,-1.6536635,0.1056583755,-1,269.52673482853834,4.356177084980548,291.4109126224408
124.9976,422.42664,1.77682,294.2795,1.77682,128.14713,-50.0935,-64.09039,-74.75815,-70.27056,1,37.692707,1.3645127,-2.3287668,0.85203797,-1,1,24.930588,2.1309557,1.873082,2.0571163,-1,269.52673482853834,4.356177084980548,291.4109126224408
125.00296,150.4923,1.77682,35.66862,1.77682,114.82367,13.473337,21.25152,2.2109656,-1.0067041,1,27.618,-1.0080884,-0.5682322,3.6930869,-1,1,70.875404,0.92570525,-3.1317081,3.3660145,-1,269.52673482853834,4.356177084980548,291.4109126224408
124.99485,391.95053,1.77682,59.779026,1.77682,332.1715,-34.299355,21.507706,-11.95413,3.2965147,1,32.239048,0.8696081,2.67254,3.4334106,-1,1,55.888805,2.581177,-1.2384186,1.8786143,-1,269.52673482853834,4.356177084980548,291.4109126224408
124.99697,180.92398,1.77682,80.682724,1.77682,100.24125,-5.9426565,-30.304615,-8.759272,-39.00429,3,20.916164,-0.55305946,-1.5268229,0.1056583755,-1,2,44.426044,-1.0893743,2.4959142,0.0005109989499999,-1,269.52673482853834,4.356177084980548,291.4109126224408
125.00085,384.34988,1.77682,161.32036,1.77682,223.02954,-71.58863,-3.6366339,-98.18085,-18.213676,1,58.745228,1.6073451,-3.0348496,3.715031,-1,1,116.32101,0.53350854,-2.9617937,3.1996536,-1,269.52673482853834,4.356177084980548,291.4109126224408
125.00289,141.23956,1.77682,65.55011,1.77682,75.68945,-1.998592,-0.69100547,-14.591201,-12.716231,1,25.047146,1.5082171,-2.3947532,2.078921,-1,1,74.838455,-0.301114,1.4725151,1.3890578,-1,269.52673482853834,4.356177084980548,291.4109126224408
125.00144,253.21976,1.77682,170.02715,1.77682,83.192604,9.345068,-6.123016,8.278405,2.047675,1,24.667439,1.7908685,-0.11908889,1.7316957,-1,1,34.89265,0.900096,2.9179533,0.7940274,-1,269.52673482853834,4.356177084980548,291.4109126224408
124.99887,240.35788,1.77682,105.8439,1.77682,134.51398,5.3903656,70.23501,38.744827,63.443596,3,28.11102,-0.43230265,1.3128831,0.1056583755,-1,1,39.948227,-1.4993103,-0.076297775,1.7758831,-1,269.52673482853834,4.356177084980548,291.4109126224408
124.99877,216.4548,1.77682,106.619446,1.77682,109.83536,-46.1124,102.09824,-31.580667,89.08495,3,36.078457,0.37626073,2.226083,0.1056583755,-1,3,51.040985,-0.6533229,1.4315579,0.1056583755,-1,269.52673482853834,4.356177084980548,291.4109126224408
125.003426,472.86472,1.77682,90.026794,1.77682,382.83792,-26.904493,-29.754126,-35.68692,-33.680637,2,16.2529,-1.811163,-1.7060301,0.0005109989499999,-1,1,86.414345,-1.6982683,1.0993042,4.4056225,-1,269.52673482853834,4.356177084980548,291.4109126224408
124.99622,475.04373,1.77682,184.62474,1.77682,290.419,11.855537,4.658264,7.634327,0.0048828493,1,32.913048,-1.7125547,-0.386688,0.0005515421,-1,1,33.831463,-2.3129442,2.477362,2.5412772,-1,269.52673482853834,4.356177084980548,291.4109126224408
125.0014,177.95284,1.77682,76.81796,1.77682,101.13488,-26.461103,8.94944,-26.356422,11.46222,2,35.325336,-0.55000335,2.7757056,0.0005109989499999,-1,1,50.3582,-1.2962891,-0.44721112,1.438867,-1,269.52673482853834,4.356177084980548,291.4109126224408
124.99665,946.6962,1.77682,414.14236,1.77682,532.55383,14.4918,-34.487206,3.8538327,-45.643276,2,11.885465,-2.381322,-1.1586021,0.0005109989499999,-1,1,28.094383,-3.0078387,2.523222,1.2394427,-1,269.52673482853834,4.356177084980548,291.4109126224408
125.0011,160.51863,1.77682,50.1715,1.77682,110.34714,-50.640625,-23.239485,-44.749058,-19.404411,1,42.315014,-0.110649504,0.92158765,5.5748944,-1,1,41.905758,-1.1652908,-2.6504352,13.089076,-1,269.52673482853834,4.356177084980548,291.4109126224408
124.999626,417.35126,1.77682,322.8958,1.77682,94.45546,39.90561,-9.20501,22.150276,-5.591673,3,48.68138,2.0114708,-0.057798367,0.1056583755,-1,1,41.483505,1.4354349,-3.0063336,1.3934737,-1,269.52673482853834,4.356177084980548,291.4109126224408
124.99853,176.42984,1.77682,70.189995,1.77682,106.23985,14.372042,-5.0883384,-10.239526,-1.1653926,1,60.30899,0.29088178,3.1061215,1.0339769,-1,1,50.911945,-1.6273597,-2.342834,1.9445267,-1,269.52673482853834,4.356177084980548,291.4109126224408
124.99777,210.67421,1.77682,116.35381,1.77682,94.32039,3.7699468,11.224166,-4.7317624,9.214937,1,42.876163,1.4460677,-0.6777089,0.14831145,-1,1,50.286816,0.8456562,2.330437,2.869745,-1,269.52673482853834,4.356177084980548,291.4109126224408
125.00239,164.51807,1.77682,78.119965,1.77682,86.3981,33.836395,-18.758251,17.685938,-12.599877,3,32.80785,0.74461704,-0.436413,0.1056583755,-1,1,78.31788,0.58933365,-2.9027212,0.9143977,-1,269.52673482853834,4.356177084980548,291.4109126224408
125.00011,188.54034,1.77682,47.962322,1.77682,140.57802,-93.36403,-63.559937,-78.869156,-66.88199,1,27.63009,-0.95279825,-0.8245239,4.434135,-1,1,39.507584,0.05243477,-2.5566556,2.1197922,-1,269.52673482853834,4.356177084980548,291.4109126224408
125.00131,240.01573,1.77682,125.76657,1.77682,114.24916,10.752674,-6.996951,9.465289,-7.7556477,1,55.338043,-1.1712946,0.37089688,2.5305789,-1,1,47.72159,-1.2785171,-2.2480004,3.3411283,-1,269.52673482853834,4.356177084980548,291.4109126224408
124.99909,158.35127,1.77682,32.85643,1.77682,125.49484,-33.422054,26.992914,-25.17271,52.303303,1,24.623404,-0.6514917,-1.4337918,4.765197,-1,3,59.06756,0.24073932,1.9953424,0.1056583755,-1,269.52673482853834,4.356177084980548,291.4109126224408
125.002655,220.07619,1.77682,139.9444,1.77682,80.13178,-34.823902,-2.0471306,-24.436806,-0.91471684,1,58.098904,-1.5245277,0.08226249,3.8865244,-1,2,21.67422,-0.8419737,-3.0356731,0.0005109989499999,-1,269.52673482853834,4.356177084980548,291.4109126224408
125.00376,157.98709,1.77682,90.904335,1.77682,67.08276,-0.5753447,-27.109692,2.9825313,-11.59864,1,34.459133,-1.2316736,-2.5806124,2.1131563,-1,1,50.428665,-0.11321124,-0.20383729,0.79174876,-1,269.52673482853834,4.356177084980548,291.4109126224408
124.98897,178.77872,1.77682,103.74446,1.77682,75.03426,-15.0331545,1.2320348,4.0534854,6.530107,1,51.004444,1.2133914,1.8202242,0.66929454,-1,1,71.169205,0.2766109,-0.19904383,8.994785,-1,269.52673482853834,4.356177084980548,291.4109126224408
125.00333,139.8489,1.77682,52.74192,1.77682,87.10699,1.6358598,-0.31037733,6.3820167,7.162069,1,47.738125,-0.040578336,0.8485872,5.1822248,-1,1,69.36397,-0.7378886,-1.903188,5.256888,-1,269.52673482853834,4.356177084980548,291.4109126224408
125.00075,164.70358,1.77682,40.045742,1.77682,124.65784,31.575161,19.238495,11.175565,16.282944,1,24.10908,-0.48585883,-0.22464517,2.9455504,-1,1,27.447792,1.5124129,1.7401077,0.32872832,-1,269.52673482853834,4.356177084980548,291.4109126224408
124.99505,126.29507,1.77682,70.75877,1.77682,55.536293,-10.547043,4.6249523,-5.7350106,11.688971,1,55.89941,0.42133555,-0.7444693,11.021249,-1,2,20.609026,-0.2745353,2.258736,0.0005109989499999,-1,269.52673482853834,4.356177084980548,291.4109126224408
125.00286,571.99603,1.77682,185.50671,1.77682,386.48935,125.707954,-3.4963353,136.51537,-10.489284,1,63.35671,-1.5409535,1.0482749,1.4654382,-1,3,26.655746,-1.5259905,-0.16107592,0.1056583755,-1,269.52673482853834,4.356177084980548,291.4109126224408
124.999,129.36412,1.77682,69.89899,1.77682,59.46513,9.745895,-6.4552393,-15.3356695,-12.019072,1,42.72382,-0.027539423,2.5555289,2.459846,-1,2,17.539412,0.06420099,-1.1307149,0.0005109989499999,-1,269.52673482853834,4.356177084980548,291.4109126224408
125.00058,500.6034,1.77682,263.22968,1.77682,237.3737,9.095615,-1.8626808,5.850576,-2.1821382,1,66.88492,-1.9979022,2.2630968,6.511606,-1,1,40.87741,-2.1242316,-0.6383475,2.1564672,-1,269.52673482853834,4.356177084980548,291.4109126224408
124.99755,412.78702,1.77682,174.3245,1.77682,238.46254,-2.5589423,16.08935,-1.1816005,-5.2640285,1,43.172287,-1.8565187,-2.5590954,5.7496147,-1,1,62.46096,-1.8341544,0.30799085,5.058277,-1,269.52673482853834,4.356177084980548,291.4109126224408
125.00251,134.23203,1.77682,53.168488,1.77682,81.06354,7.825488,-38.965855,11.010625,-28.78231,1,28.3851,0.21244112,-1.2023709,5.0692124,-1,1,58.92962,-0.9736137,2.0513108,4.2580085,-1,269.52673482853834,4.356177084980548,291.4109126224408
124.99362,729.3428,1.77682,407.74005,1.77682,321.60272,37.86235,19.550482,43.489395,6.1507454,1,22.72064,-3.3207006,-2.40819,0.6171723,-1,1,46.946922,-1.9449843,0.22412,0.63596815,-1,269.52673482853834,4.356177084980548,291.4109126224408
125.007385,155.44995,1.77682,95.240204,1.77682,60.209743,-0.24491882,15.323403,6.3683605,3.354876,1,52.464573,1.05842,0.98500127,1.3875937,-1,1,58.745453,0.16517594,-1.5390263,1.2718676,-1,269.52673482853834,4.356177084980548,291.4109126224408
124.99737,174.81044,1.77682,69.65379,1.77682,105.15664,35.020107,59.052567,11.420761,50.867245,3,19.393717,0.03568678,1.784682,0.1056583755,-1,2,40.282143,1.1290641,0.0752691,0.0005109989499999,-1,269.52673482853834,4.356177084980548,291.4109126224408
124.99604,200.13878,1.77682,72.92315,1.77682,127.21564,1.459283,-26.829258,-8.801992,-29.484753,3,31.862928,0.4909648,-1.8687773,0.1056583755,-1,1,37.181118,1.8296617,0.8664882,0.8834006,-1,269.52673482853834,4.356177084980548,291.4109126224408
125.00815,206.69633,1.77682,35.913437,1.77682,170.7829,24.955662,-2.6828322,19.413593,-4.8840356,3,12.225328,0.12529916,-0.10304015,0.1056583755,-1,1,69.791,1.6428902,-2.926836,2.800461,-1,269.52673482853834,4.356177084980548,291.4109126224408
125.002525,150.21404,1.77682,101.0558,1.77682,49.15823,-1.538794,-7.1533422,-5.364851,8.817124,1,41.24221,1.2497492,1.9798769,2.2633798,-1,1,51.070576,-0.0753804,-1.3069437,1.0994899,-1,269.52673482853834,4.356177084980548,291.4109126224408
124.99691,214.89801,1.77682,166.21683,1.77682,48.681187,-4.730072,0.51277685,-0.9612217,-2.4004014,1,152.90141,0.22459786,-0.19862251,1.9288026,-1,1,132.80353,2.474306,2.9153452,13.156933,-1,269.52673482853834,4.356177084980548,291.4109126224408
125.00174,408.03073,1.77682,345.09128,1.77682,62.939457,-212.69066,-5.4788227,-204.59978,5.106739,1,136.40138,-0.42660725,2.970454,1.4373307,-1,3,22.010412,-0.33207795,-2.3797548,0.1056583755,-1,269.52673482853834,4.356177084980548,291.4109126224408
124.999344,583.9031,1.77682,524.2315,1.77682,59.67161,-294.0543,-47.639137,-297.76312,-61.741375,3,51.31565,-1.0206445,-2.9342942,0.1056583755,-1,1,43.16397,-0.15131369,-2.9870384,1.2478764,-1,269.52673482853834,4.356177084980548,291.4109126224408
125.000084,408.0656,1.77682,249.86139,1.77682,158.20422,-37.600563,-2.5473492,-25.337704,6.982518,1,66.13376,-2.0050216,-0.10926963,4.891065,-1,1,23.776922,-1.717788,2.9239032,1.4720296,-1,269.52673482853834,4.356177084980548,291.4109126224408
125.00272,399.49792,1.77682,134.14072,1.77682,265.3572,29.088661,53.377823,19.298132,39.335957,1,39.537518,-1.4917446,-3.136961,1.1647946,-1,1,30.941244,-1.9131444,0.8317191,3.8647993,-1,269.52673482853834,4.356177084980548,291.4109126224408
124.99437,179.66718,1.77682,85.380455,1.77682,94.28672,-54.018955,48.263515,-43.95851,37.04316,1,30.80658,-0.04489139,2.494912,0.15436031,-1,1,30.3909,-1.7930534,0.9192591,2.3671649,-1,269.52673482853834,4.356177084980548,291.4109126224408
124.9988,198.43599,1.77682,45.80223,1.77682,152.63376,34.57225,-73.15704,21.863838,-64.67535,1,36.81581,0.72652096,-2.9068508,2.9248705,-1,1,74.72156,0.0545069,-1.1673678,2.7668312,-1,269.52673482853834,4.356177084980548,291.4109126224408
125.00031,661.6705,1.77682,67.880486,1.77682,593.79,6.242018,7.5972404,1.1494632,3.7054756,1,33.262287,1.2209086,-2.1040673,0.7926692,-1,1,29.978725,3.4487855,1.1643364,1.0021033,-1,269.52673482853834,4.356177084980548,291.4109126224408
124.999115,1505.2767,1.77682,617.8412,1.77682,887.43555,-7.507648,-5.1259594,-13.011146,-12.529373,1,49.458584,2.815016,-2.4020772,2.2043295,-1,1,36.23833,3.6604564,0.79173315,3.751934,-1,269.52673482853834,4.356177084980548,291.4109126224408
125.00528,323.54477,1.77682,38.72341,1.77682,284.82135,-7.0825253,-1.3972882,-4.047477,5.4500217,3,24.1973,0.400516,2.4214995,0.1056583755,-1,1,37.149113,2.8073764,-0.41550025,1.7045367,-1,269.52673482853834,4.356177084980548,291.4109126224408
125.00049,224.51495,1.77682,158.56395,1.77682,65.951,-84.220184,36.900093,-73.76337,35.01216,1,30.569752,0.8490355,2.736577,2.8888075,-1,1,35.738426,1.3716278,-0.09083179,6.7764254,-1,269.52673482853834,4.356177084980548,291.4109126224408
125.00117,833.3353,1.77682,127.21229,1.77682,706.12305,42.464264,-152.46188,54.689228,-162.60954,2,13.709761,1.3680536,-1.9946412,0.0005109989499999,-1,2,166.951,1.4923782,-1.0292681,0.0005109989499999,-1,269.52673482853834,4.356177084980548,291.4109126224408
125.02126,148.70036,1.77682,94.93266,1.77682,53.7677,-6.0196657,10.431591,4.3545594,13.308065,1,62.661972,-0.6484982,1.1675758,1.1553576,-1,1,47.976925,-0.3589027,-2.2817006,1.1666504,-1,269.52673482853834,4.356177084980548,291.4109126224408
124.992676,547.6664,1.77682,252.01636,1.77682,295.65002,-35.637234,47.279884,-34.91153,58.429893,1,46.68122,-2.3570344,-1.1393663,1.6373146,-1,3,12.437594,-1.9669977,2.1347759,0.1056583755,-1,269.52673482853834,4.356177084980548,291.4109126224408
125.00061,177.71495,1.77682,71.41795,1.77682,106.297,2.8095055,-26.694609,16.850903,-23.795813,2,40.975056,-0.17239721,-1.3265864,0.0005109989499999,-1,1,64.68501,-1.0202023,0.51703674,1.3316321,-1,269.52673482853834,4.356177084980548,291.4109126224408
125.00419,173.925,1.77682,100.2705,1.77682,73.6545,-1.1481606,14.008661,-4.8812876,19.863438,1,25.142525,-1.6366805,-1.0514965,1.098228,-1,1,37.31665,-0.2869772,1.9129492,2.0818284,-1,269.52673482853834,4.356177084980548,291.4109126224408
124.98803,126.179,1.77682,71.129875,1.77682,55.049133,-27.193872,-22.728186,-14.375209,-13.447958,1,31.398022,0.70482713,-2.3201807,5.854691,-1,1,41.743248,-0.619473,0.9090632,0.8998649,-1,269.52673482853834,4.356177084980548,291.4109126224408
125.006874,369.86362,1.77682,207.70038,1.77682,162.16324,-11.695585,13.237463,-15.882311,9.97085,1,69.66558,-1.8930466,-0.47730222,7.874588,-1,1,48.381733,-1.598958,2.6038363,0.966321,-1,269.52673482853834,4.356177084980548,291.4109126224408
125.008766,160.27922,1.77682,58.26882,1.77682,102.01041,-1.3627936,-0.40655416,2.9458706,11.260937,1,38.022297,1.0098886,-2.6002855,0.70287865,-1,2,20.371742,-1.1907718,-2.2524118,0.0005109989499999,-1,269.52673482853834,4.356177084980548,291.4109126224408
124.98907,126.542114,1.77682,64.72936,1.77682,61.81276,2.1107757,-34.232224,4.659023,-30.700756,3,13.556981,-0.33872896,-1.4314569,0.1056583755,-1,1,48.165977,8.530003e-05,1.8013368,6.1007223,-1,269.52673482853834,4.356177084980548,291.4109126224408
124.997826,333.57764,1.77682,128.8231,1.77682,204.75455,33.93948,-85.607605,25.348988,-79.64178,1,81.72812,-0.72411186,-2.1072295,1.2514777,-1,2,24.51874,-1.4268705,-0.9569939,0.0005109989499999,-1,269.52673482853834,4.356177084980548,291.4109126224408
125.02058,178.03139,1.77682,112.05855,1.77682,65.97283,6.6940694,-77.47288,10.849003,-73.76943,1,36.52241,-0.44708425,-1.4459543,2.5799377,-1,1,25.954977,1.5959648,-1.5742867,3.257597,-1,269.52673482853834,4.356177084980548,291.4109126224408
124.99873,265.34048,1.77682,107.671234,1.77682,157.66927,0.11574357,-11.048981,-0.848452,4.370611,1,59.462498,1.1711607,1.8789964,1.0031354,-1,1,61.92462,1.6196746,-1.2504717,1.4390688,-1,269.52673482853834,4.356177084980548,291.4109126224408
125.00099,150.86008,1.77682,80.49617,1.77682,70.36391,-6.735357,2.6692567,-4.0078487,-12.541998,1,40.01043,-1.068505,1.1553482,2.0761817,-1,1,54.726566,-0.27264383,-1.9339643,1.6118591,-1,269.52673482853834,4.356177084980548,291.4109126224408
125.00014,614.9161,1.77682,323.22476,1.77682,291.6913,26.83537,-2.5718877,34.030052,-16.595482,1,50.269695,-2.3244188,-2.4938202,0.7807045,-1,1,31.228382,-2.0311215,-0.21729377,0.15075484,-1,269.52673482853834,4.356177084980548,291.4109126224408
125.00235,2312.3813,1.77682,2035.894,1.77682,276.4873,2.1453264,5.728881,-1.5944501,-0.8956048,1,28.744684,-4.797524,-1.8267665,1.7125711,-1,1,39.647926,-2.5853422,1.4784245,2.5168893,-1,269.52673482853834,4.356177084980548,291.4109126224408
124.99936,169.49469,1.77682,55.933025,1.77682,113.56166,3.8538775,1.0077274,0.25593144,-0.09612839,2,35.126804,-0.23946176,-1.1334482,0.0005109989499999,-1,1,38.893806,-1.400852,2.0261352,2.1538284,-1,269.52673482853834,4.356177084980548,291.4109126224408
125.00118,242.39917,1.77682,143.3761,1.77682,99.02308,-6.937772,-10.694806,-0.43372646,-7.38439,1,55.998753,1.415856,-1.4478171,1.5941304,-1,1,58.083183,1.1205682,1.906425,8.690785,-1,269.52673482853834,4.356177084980548,291.4109126224408
125.00207,227.43039,1.77682,80.834206,1.77682,146.59618,-8.929953,3.8565836,-23.32334,0.3900408,1,55.512543,0.62639993,-1.5608023,3.445048,-1,1,61.66259,1.2429854,2.8822005,1.3498126,-1,269.52673482853834,4.356177084980548,291.4109126224408
124.99745,214.55446,1.77682,159.20673,1.77682,55.34774,13.794858,-4.592944,4.8424196,-0.21242002,1,45.348507,-1.7976235,1.6433675,2.2292213,-1,1,41.592266,-0.41978717,-0.942655,2.2908955,-1,269.52673482853834,4.356177084980548,291.4109126224408
124.99686,132.54718,1.77682,74.05432,1.77682,58.492855,50.327045,-6.052621,55.306953,-6.656854,3,10.491295,-0.48383588,-0.1332934,0.1056583755,-1,1,33.477234,1.131908,-2.695987,0.15134712,-1,269.52673482853834,4.356177084980548,291.4109126224408
125.02659,647.76514,1.77682,491.22742,1.77682,156.53769,3.393828,-21.434034,1.7812377,-19.10555,1,75.90851,-2.5373552,1.8277278,7.6293945e-06,-1,1,27.634268,-1.8473935,-1.4306436,2.0819893,-1,269.52673482853834,4.356177084980548,291.4109126224408
124.99893,294.086,1.77682,255.86676,1.77682,38.21924,25.537416,30.471031,35.254124,39.121555,3,45.344955,-1.5051229,0.7626552,0.1056583755,-1,1,37.79972,-0.44050983,-2.6736805,7.4454474,-1,269.52673482853834,4.356177084980548,291.4109126224408
125.01509,175.14369,1.77682,106.70623,1.77682,68.43746,-91.32994,-41.591255,-62.447895,-35.349056,1,24.64458,1.4292052,-2.973737,2.3513207,-1,3,17.685616,-0.5381289,-2.3890383,0.1056583755,-1,269.52673482853834,4.356177084980548,291.4109126224408
125.00006,133.71577,1.77682,66.57321,1.77682,67.14256,7.4135957,-18.685371,-2.1382124,-14.862275,1,73.43691,-0.10120923,1.8792549,6.3896213,-1,1,29.72066,0.86811733,-1.5555819,0.91018456,-1,269.52673482853834,4.356177084980548,291.4109126224408
125.00745,528.1395,1.77682,355.0107,1.77682,173.12881,-61.659668,14.632673,-43.408623,23.932772,1,80.80903,1.7360092,2.4599059,3.54784,-1,1,51.688206,1.7313645,-2.147362,0.6084468,-1,269.52673482853834,4.356177084980548,291.4109126224408
125.00033,280.4095,1.77682,114.10236,1.77682,166.30713,1.6463647,5.8049493,-2.6956065,20.093714,1,89.92235,-0.755723,0.18865971,0.9703787,-1,1,56.832607,-1.436374,1.7196665,4.374471,-1,269.52673482853834,4.356177084980548,291.4109126224408
124.9969,125.258835,1.77682,60.968906,1.77682,64.289925,-23.532778,-51.378517,1.6657736,-27.157232,3,11.920286,-0.95015526,-1.5280505,0.1056583755,-1,1,47.978626,0.92092556,1.4455814,4.0750656,-1,269.52673482853834,4.356177084980548,291.4109126224408
124.99873,266.35205,1.77682,84.97404,1.77682,181.378,-19.432858,-1.2416085,-4.24688,-9.067863,2,29.468636,-0.9501048,-2.3622956,0.0005109989499999,-1,1,43.41509,-1.8527433,0.670243,3.4069648,-1,269.52673482853834,4.356177084980548,291.4109126224408
125.01994,200.00093,1.77682,157.49902,1.77682,42.501896,-25.638796,22.677858,-18.752396,18.696367,1,46.77234,1.7527063,1.5847148,3.5642405,-1,2,16.45673,-0.32138073,2.5327435,0.0005109989499999,-1,269.52673482853834,4.356177084980548,291.4109126224408
125.00354,260.64972,1.77682,229.53687,1.77682,31.112843,27.765486,28.169867,48.892403,22.940044,1,62.244267,-1.4593956,0.4062679,2.6212554,-1,1,25.021908,0.5131675,0.9864625,2.3869226,-1,269.52673482853834,4.356177084980548,291.4109126224408
124.99907,1079.5353,1.77682,482.27258,1.77682,597.2627,-37.104206,20.809446,-33.004406,1.9306645,1,128.63184,-1.7993084,-3.064068,9.095684,-1,1,75.572395,-2.6865253,2.5709515,7.566382,-1,269.52673482853834,4.356177084980548,291.4109126224408
124.998764,365.66772,1.77682,298.97665,1.77682,66.69106,31.614212,8.104289,7.3142867,17.428972,1,58.131413,2.1309514,2.4176102,2.6855574,-1,1,26.220545,0.8910186,0.22180457,0.85475457,-1,269.52673482853834,4.356177084980548,291.4109126224408
124.99765,220.42133,1.77682,74.40635,1.77682,146.01498,-13.95854,-43.52997,-12.476019,-50.029488,3,25.21719,0.33573216,-1.9556583,0.1056583755,-1,3,96.3411,-0.78459543,-1.162022,0.1056583755,-1,269.52673482853834,4.356177084980548,291.4109126224408
125.000084,142.33421,1.77682,56.038162,1.77682,86.29606,-12.840938,14.242944,-2.3449163,8.451995,1,29.831518,0.09072681,-2.510868,6.0175157,-1,1,36.652695,0.8656051,0.85874826,3.7157435,-1,269.52673482853834,4.356177084980548,291.4109126224408
124.97613,234.09596,1.77682,68.9086,1.77682,165.18736,-33.132877,0.50456095,-33.527447,21.146572,3,31.322643,0.8410899,0.75305223,0.1056583755,-1,1,48.111683,1.1796682,2.928984,3.5713942,-1,269.52673482853834,4.356177084980548,291.4109126224408
125.00082,145.15276,1.77682,52.381886,1.77682,92.77087,10.953951,25.595598,-0.40223038,13.268123,1,61.556858,-0.82312113,-1.9603333,6.791918,-1,1,84.041115,-0.10712433,1.5639135,1.1361021,-1,269.52673482853834,4.356177084980548,291.4109126224408
125.001564,180.24496,1.77682,88.47205,1.77682,91.77291,2.459177,10.020783,7.0563693,-12.029994,1,58.887157,1.1504921,-2.001855,1.5314108,-1,1,95.92206,-0.26897714,-0.91294897,1.444555,-1,269.52673482853834,4.356177084980548,291.4109126224408
125.00006,827.52313,1.77682,333.6237,1.77682,493.89944,-7.200532,34.317944,-0.70504206,26.286774,1,52.527298,2.4459178,-1.7735326,5.941484,-1,1,24.26647,2.5721667,1.423682,2.459372,-1,269.52673482853834,4.356177084980548,291.4109126224408
124.99381,397.4053,1.77682,148.49242,1.77682,248.9129,-3.1130486,23.598816,-1.1238245,15.470099,1,51.85246,1.4949307,-1.8578967,5.796742,-1,1,32.38227,2.1827977,1.2874962,2.5121162,-1,269.52673482853834,4.356177084980548,291.4109126224408
124.99855,397.9899,1.77682,119.2527,1.77682,278.73718,-13.224765,-3.5677707,-14.101712,1.1164216,1,44.07159,-1.4288626,0.8880145,3.563984,-1,1,33.395626,-2.1523545,-2.6136005,1.4439796,-1,269.52673482853834,4.356177084980548,291.4109126224408
125.001465,1679.0653,1.77682,638.30133,1.77682,1040.7639,-3.6077418,2.944614,-12.382145,9.119684,1,61.08722,-2.851248,1.8517509,2.30793,-1,1,49.786247,-3.5004435,-2.3460238,2.65422,-1,269.52673482853834,4.356177084980548,291.4109126224408
124.991585,588.93475,1.77682,130.3243,1.77682,458.61047,-36.647522,-10.0374155,-32.02401,-10.07482,3,49.314865,-1.4991862,1.8033994,0.1056583755,-1,1,50.125458,-2.4015815,-2.5512884,4.1157756,-1,269.52673482853834,4.356177084980548,291.4109126224408
124.976166,270.96008,1.77682,145.30086,1.77682,125.659225,55.83886,11.982625,54.285206,4.005782,1,80.53238,-1.0571383,1.5570334,3.3955722,-1,1,25.91737,-1.020464,-0.12215663,0.5946024,-1,269.52673482853834,4.356177084980548,291.4109126224408
125.00162,1035.5623,1.77682,718.9856,1.77682,316.57666,-19.161943,-7.5258,-26.345692,-4.6824365,1,81.87498,-2.5581615,-2.878144,0.89709747,-1,1,39.929897,-2.73632,0.9020619,2.7675056,-1,269.52673482853834,4.356177084980548,291.4109126224408
124.99986,568.016,1.77682,303.0735,1.77682,264.9425,15.6677065,-10.217526,25.709335,-9.454399,1,42.535324,-1.9709439,-1.2372954,0.7993772,-1,3,17.473925,-2.3480651,1.1701671,0.1056583755,-1,269.52673482853834,4.356177084980548,291.4109126224408
124.999146,1036.3925,1.77682,872.0656,1.77682,164.32683,62.048462,-150.72012,72.738625,-154.33301,1,57.113724,2.0523124,-1.2518669,0.82886404,-1,1,25.938911,2.0993335,0.23714992,1.9060087,-1,269.52673482853834,4.356177084980548,291.4109126224408
124.99454,267.74872,1.77682,70.27606,1.77682,197.47264,-2.3301537,-3.6439316,0.71920395,-5.396147,3,37.60527,-0.65667963,0.92060536,0.1056583755,-1,1,38.19265,-2.763378,-2.090842,6.77163,-1,269.52673482853834,4.356177084980548,291.4109126224408
125.00109,506.38385,1.77682,258.07434,1.77682,248.3095,-9.696123,25.417429,7.2712092,9.306539,1,61.671837,2.0204027,-1.5254658,2.2048051,-1,1,55.76891,2.0851963,1.2248974,2.0754309,-1,269.52673482853834,4.356177084980548,291.4109126224408
124.999916,180.58076,1.77682,119.214455,1.77682,61.366306,3.0337784,-8.603673,2.2745883,-14.301296,1,29.989016,-1.5588564,-1.4460157,2.2992635,-1,1,42.4907,-0.33900052,1.599304,0.85631895,-1,269.52673482853834,4.356177084980548,291.4109126224408
124.99993,245.63278,1.77682,77.62247,1.77682,168.01031,-0.42869318,8.431581,0.64492285,-5.414642,1,52.720352,-0.6089853,-2.0046706,1.885104,-1,1,23.113508,-2.5814335,0.96550304,4.4245577,-1,269.52673482853834,4.356177084980548,291.4109126224408
124.99953,126.36138,1.77682,67.267944,1.77682,59.09344,-7.8122473,1.6936066,4.539101,5.1444035,1,37.64105,0.33441964,-0.5888244,3.0707774,-1,1,32.540394,-0.15900005,2.2732348,3.4277034,-1,269.52673482853834,4.356177084980548,291.4109126224408
124.99514,262.11548,1.77682,172.41377,1.77682,89.70172,-5.234054,-14.24994,3.8406565,-7.2819486,1,58.868454,-1.5166752,-1.8321005,1.3450332,-1,1,50.447277,-1.0258757,0.6803452,5.726669,-1,269.52673482853834,4.356177084980548,291.4109126224408
124.9994,148.911,1.77682,84.14689,1.77682,64.76411,18.645872,-38.766026,9.456917,-17.398823,1,75.73732,0.72821194,2.3173187,7.1010175,-1,3,27.097055,0.44909754,-0.96155465,0.1056583755,-1,269.52673482853834,4.356177084980548,291.4109126224408
125.00041,166.04144,1.77682,128.06073,1.77682,37.98071,3.3727245,0.8174598,-0.39863318,-4.1320143,1,37.511353,-2.1339312,3.1054802,4.6690187,-1,1,29.943913,0.46524045,-0.4412055,2.2143826,-1,269.52673482853834,4.356177084980548,291.4109126224408
125.00575,372.61346,1.77682,225.03423,1.77682,147.57924,28.255146,45.643494,-2.5168362,10.304496,1,74.92835,1.638136,-1.7194399,2.959996,-1,1,25.100475,1.8689224,1.6102713,2.3078365,-1,269.52673482853834,4.356177084980548,291.4109126224408
124.99621,168.43542,1.77682,38.88368,1.77682,129.55174,7.433481,-2.8460305,4.491615,-1.3550042,1,33.645416,-0.29256526,3.0849469,1.5316336,-1,1,27.415392,1.861339,-0.14928715,0.9040203,-1,269.52673482853834,4.356177084980548,291.4109126224408
124.99799,171.44106,1.77682,64.89325,1.77682,106.5478,20.67497,35.2191,37.35509,22.520266,3,11.64056,-0.3683241,0.6059257,0.1056583755,-1,1,47.419544,-1.4450303,-2.67797,1.6311898,-1,269.52673482853834,4.356177084980548,291.4109126224408
125.00073,234.18637,1.77682,134.83583,1.77682,99.35054,2.5925841,43.1995,-4.217072,18.548428,1,50.212475,-1.3299387,-2.013031,1.0651059,-1,1,25.348372,-1.1148654,1.4865929,3.8308504,-1,269.52673482853834,4.356177084980548,291.4109126224408
124.99845,196.39694,1.77682,63.792286,1.77682,132.60466,40.531517,52.554947,44.795033,58.55076,1,34.03157,0.48686412,0.388618,3.9653456,-1,1,54.751984,-0.879243,1.2115786,8.336152,-1,269.52673482853834,4.356177084980548,291.4109126224408
125.00188,655.95166,1.77682,96.20913,1.77682,559.74255,28.76681,-19.241318,19.972198,-2.5515738,1,33.87894,1.5074681,2.878928,1.5942684,-1,1,23.84995,3.075695,-0.098803245,3.6233213,-1,269.52673482853834,4.356177084980548,291.4109126224408
125.00556,225.96219,1.77682,166.07462,1.77682,59.88757,-14.509194,6.899193,-20.97546,6.0582457,1,51.239273,1.6483855,0.9154427,0.14665268,-1,2,21.117485,0.5260392,-3.034165,0.0005109989499999,-1,269.52673482853834,4.356177084980548,291.4109126224408
125.00111,126.61396,1.77682,69.66318,1.77682,56.95078,-3.5048397,6.435578,0.38982743,0.66086155,1,24.600513,1.8047149,0.039437477,1.6363003,-1,1,28.892433,-1.2556998,3.0092928,1.4645137,-1,269.52673482853834,4.356177084980548,291.4109126224408
124.99854,141.12753,1.77682,46.220337,1.77682,94.90719,29.304697,25.963177,45.737003,33.538406,1,22.889801,0.77453464,-2.3365273,1.5764579,-1,1,36.98739,-0.042640973,0.6629315,1.4804069,-1,269.52673482853834,4.356177084980548,291.4109126224408
125.00836,131.27412,1.77682,50.48798,1.77682,80.78615,1.7225182,0.18033808,-5.2551327,-4.1019692,1,33.97235,0.17639472,2.9987893,2.9977434,-1,1,59.254307,0.18837024,-0.4007145,1.2145828,-1,269.52673482853834,4.356177084980548,291.4109126224408
124.99968,193.55394,1.77682,73.58466,1.77682,119.96927,76.32015,87.86378,61.003487,74.74715,3,18.191624,1.150744,0.832053,0.1056583755,-1,1,33.98741,-0.5197389,0.8750191,0.7725542,-1,269.52673482853834,4.356177084980548,291.4109126224408
125.00501,137.4985,1.77682,57.09396,1.77682,80.40455,8.413208,-0.1306569,1.0068173,-7.857989,3,29.160294,-0.25621167,-0.8007123,0.1056583755,-1,2,52.9073,-0.5621244,2.539635,0.0005109989499999,-1,269.52673482853834,4.356177084980548,291.4109126224408
125.00291,326.51776,1.77682,249.84102,1.77682,76.67675,-27.115913,-3.3427756,1.8497822,-1.6099855,1,54.420082,2.148575,1.1109748,3.3001468,-1,1,39.207157,0.9939804,-2.045312,1.781652,-1,269.52673482853834,4.356177084980548,291.4109126224408
125.00132,264.86295,1.77682,183.36574,1.77682,81.49722,-1.386438,-10.515164,-0.5624773,-7.322775,1,79.52896,1.2786778,-0.05015733,0.7537091,-1,1,26.666483,1.2412287,-2.630803,0.4423238,-1,269.52673482853834,4.356177084980548,291.4109126224408
125.00019,136.86874,1.77682,86.97179,1.77682,49.896954,-8.472463,-15.048446,-4.4165525,-3.3080769,1,23.584087,-1.6206388,0.5400149,3.6077814,-1,3,22.198956,0.5627201,-2.6123614,0.1056583755,-1,269.52673482853834,4.356177084980548,291.4109126224408
124.99868,323.9134,1.77682,177.74065,1.77682,146.17276,26.265913,-52.741398,27.41138,-68.907005,1,74.317894,1.380411,0.3038493,2.8424604,-1,2,19.76831,0.9996803,-1.2008835,0.0005109989499999,-1,269.52673482853834,4.356177084980548,291.4109126224408
125.00317,390.3848,1.77682,328.57996,1.77682,61.80482,-14.887639,-11.403901,-15.8600855,17.593468,1,117.65206,1.4696798,1.9417115,1.4514849,-1,1,25.161657,1.1207825,-2.2641327,0.15546365,-1,269.52673482853834,4.356177084980548,291.4109126224408
124.99936,211.41563,1.77682,157.29321,1.77682,54.122425,6.1613607,6.9511185,-4.7944736,20.419018,1,43.285072,2.0393376,-0.44000506,4.209869,-1,1,33.905785,0.2695086,1.865712,1.5388639,-1,269.52673482853834,4.356177084980548,291.4109126224408
124.98504,153.13522,1.77682,62.53449,1.77682,90.60074,-14.1365385,10.659387,-11.476884,12.47413,1,53.225212,0.28184855,-0.063164316,0.8703886,-1,1,42.973465,0.7842683,2.3891478,0.1490907,-1,269.52673482853834,4.356177084980548,291.4109126224408
124.99931,305.55765,1.77682,55.44685,1.77682,250.11081,18.842844,18.608622,-1.3171904,6.212714,1,30.550428,-0.98975307,1.4007275,1.2625777,-1,1,117.45176,-1.5137088,-2.1716955,0.8935811,-1,269.52673482853834,4.356177084980548,291.4109126224408
125.00112,708.3018,1.77682,578.2881,1.77682,130.01373,9.44333,-21.334415,6.3943033,-11.64811,1,44.93383,3.1140914,2.2898066,6.6241684,-1,1,23.825972,1.6642478,-1.0008901,1.2342691,-1,269.52673482853834,4.356177084980548,291.4109126224408
125.000656,178.77243,1.77682,114.089485,1.77682,64.68294,7.836987,-8.164507,12.704704,-3.0330012,1,94.750404,0.41228378,-0.3684376,7.480894,-1,1,34.333786,1.448241,2.5011022,3.6297665,-1,269.52673482853834,4.356177084980548,291.4109126224408
125.00259,159.7073,1.77682,80.43819,1.77682,79.26911,36.730637,-19.544449,4.53795,-6.3690524,1,30.10029,0.9610032,-0.9100706,1.8125677,-1,1,69.82487,0.5021425,2.2304745,1.93608,-1,269.52673482853834,4.356177084980548,291.4109126224408
124.99091,156.76666,1.77682,54.26669,1.77682,102.49998,-3.8884764,1.9390082,-1.2057587,-0.60692406,1,54.381866,0.13568833,-2.6446037,0.7672244,-1,1,52.606354,1.2538859,0.6803128,1.4504225,-1,269.52673482853834,4.356177084980548,291.4109126224408
125.008514,188.36827,1.77682,69.64663,1.77682,118.721634,13.636105,1.5278901,8.645743,6.583223,1,28.286116,1.1546023,-1.2568247,0.654305,-1,1,77.35446,0.6903034,1.4415053,4.314792,-1,269.52673482853834,4.356177084980548,291.4109126224408
124.99689,251.66516,1.77682,181.66649,1.77682,69.998665,7.989746,-10.532507,4.8137646,-13.342544,3,16.181675,-2.0925684,-1.142245,0.1056583755,-1,1,44.738968,-0.68773407,2.0461843,1.1865236,-1,269.52673482853834,4.356177084980548,291.4109126224408
125.000046,552.8087,1.77682,146.22281,1.77682,406.5859,41.577957,13.79768,28.575588,4.0734124,1,26.624958,1.7738246,1.3857354,1.0814333,-1,1,100.67566,1.9621718,-0.596707,3.929499,-1,269.52673482853834,4.356177084980548,291.4109126224408
125.00147,219.08519,1.77682,158.61974,1.77682,60.46545,-25.94161,-12.670327,-9.864341,-3.5218678,1,130.19891,-0.6298101,-2.5075655,2.0201702,-1,1,39.13788,-0.41346517,-0.90115327,1.9650341,-1,269.52673482853834,4.356177084980548,291.4109126224408
124.99384,177.47327,1.77682,99.43769,1.77682,78.035576,4.5547843,-5.833684,9.868644,-8.407958,3,40.96474,-0.75955135,-0.48693505,0.1056583755,-1,1,26.832558,-0.98752207,2.7271307,1.1785548,-1,269.52673482853834,4.356177084980548,291.4109126224408
124.99376,317.68692,1.77682,263.7312,1.77682,53.955708,-9.579833,2.8048222,12.636294,-16.000862,1,27.822412,-2.237394,-0.84573525,0.15181375,-1,1,37.844067,-0.7802826,2.308208,5.408316,-1,269.52673482853834,4.356177084980548,291.4109126224408
125.00125,215.86653,1.77682,119.77301,1.77682,96.09351,-4.182289,25.96345,11.649227,22.956503,1,48.976192,1.0489221,1.324844,1.326962,-1,1,55.639484,1.1800854,-1.3380052,1.6291783,-1,269.52673482853834,4.356177084980548,291.4109126224408
124.998,234.59059,1.77682,133.42212,1.77682,101.16846,-22.955103,-20.335127,2.1128962,-11.6874275,1,52.93284,-1.4118041,-3.0374262,3.5163114,-1,1,61.615433,-0.98176175,-0.53151375,3.321815,-1,269.52673482853834,4.356177084980548,291.4109126224408
125.00614,428.24606,1.77682,144.646,1.77682,283.60007,0.16807298,-4.471439,6.867077,5.223982,1,45.712776,1.5548556,2.4008086,-1.3486991e-06,-1,1,65.016556,2.1800647,-0.23839538,0.1447302,-1,269.52673482853834,4.356177084980548,291.4109126224408
125.00062,134.34708,1.77682,81.26312,1.77682,53.08396,-1.1175631,-17.564657,-0.7916376,10.8885145,1,43.95233,1.2777189,-0.04374773,0.14828637,-1,1,35.832123,-0.7402259,2.2125247,0.94696695,-1,269.52673482853834,4.356177084980548,291.4109126224408
125.00041,191.64758,1.77682,29.575113,1.77682,162.07248,33.096996,-34.83215,30.144432,-38.1823,1,28.481314,-0.09019063,1.3363539,1.2584041,-1,1,118.61652,0.39812294,-0.9553059,2.4511817,-1,269.52673482853834,4.356177084980548,291.4109126224408
125.00087,153.69092,1.77682,73.41043,1.77682,80.280495,9.291742,16.113226,13.827434,6.5499043,1,56.263004,-0.74189,-2.764873,2.8193161,-1,1,52.225494,-0.58090276,0.4169173,1.4144464,-1,269.52673482853834,4.356177084980548,291.4109126224408
124.99929,126.0036,1.77682,58.634987,1.77682,67.36861,15.173017,-0.6099113,18.64745,-4.891301,3,43.073566,0.54579973,2.601052,0.1056583755,-1,1,36.719875,-0.451015,-0.2992353,1.3729012,-1,269.52673482853834,4.356177084980548,291.4109126224408
124.99745,529.63684,1.77682,93.760704,1.77682,435.87616,-105.152374,-45.75861,-124.49002,-70.126495,1,87.06867,0.02548281,-2.2136104,7.195428,-1,2,256.34604,0.51311356,-2.6887481,0.0005109989499999,-1,269.52673482853834,4.356177084980548,291.4109126224408
125.00157,813.1818,1.77682,111.7711,1.77682,701.4107,8.207314,19.139685,12.056035,0.16471125,2,23.667908,1.6034924,-0.39291364,0.0005109989499999,-1,1,35.514454,3.3492882,2.3931463,3.423212,-1,269.52673482853834,4.356177084980548,291.4109126224408
125.01909,175.9999,1.77682,56.74672,1.77682,119.25317,21.740627,13.967109,16.321533,3.7890692,2,21.915813,0.42247167,-2.8413978,0.0005109989499999,-1,1,23.702614,1.245135,0.20496346,1.9237099,-1,269.52673482853834,4.356177084980548,291.4109126224408
125.00259,235.84511,1.77682,179.0879,1.77682,56.757206,-50.23062,13.508882,-61.08693,-6.4299216,1,34.214108,-1.2125182,3.0908465,2.1814857,-1,1,42.10553,-0.69453156,-0.9476316,4.127099,-1,269.52673482853834,4.356177084980548,291.4109126224408
124.99668,285.8513,1.77682,27.840425,1.77682,258.01086,1.0560521,15.258916,10.67938,14.303047,1,29.05855,-0.17199676,-1.5783802,5.9703393,-1,2,27.032843,-2.3347187,1.1567814,0.0005109989499999,-1,269.52673482853834,4.356177084980548,291.4109126224408
125.00127,201.13637,1.77682,129.17915,1.77682,71.95721,-5.0994067,-25.046995,1.3028008,-19.427683,1,38.53639,1.6865108,-1.6094744,6.7312374,-1,1,61.885212,0.5403515,1.380308,1.0570611,-1,269.52673482853834,4.356177084980548,291.4109126224408
125.00158,358.33655,1.77682,153.91756,1.77682,204.41899,5.305221,-0.21789165,4.708105,-9.946428,1,57.51046,1.5805176,2.140036,0.74723953,-1,1,51.268555,1.8415555,-1.0969517,1.9751191,-1,269.52673482853834,4.356177084980548,291.4109126224408
125.00151,294.07898,1.77682,136.23149,1.77682,157.84749,-45.845627,-26.462458,-36.373688,-27.958105,1,48.90187,1.6946161,-0.54161143,1.8259692,-1,1,60.45914,1.2664716,3.09558,1.1935405,-1,269.52673482853834,4.356177084980548,291.4109126224408
125.00137,336.30106,1.77682,192.05812,1.77682,144.24294,19.189108,-2.2900858,10.405125,-6.4629364,1,35.20233,-1.9902011,-0.21251267,0.8915935,-1,1,64.0504,-1.3209118,-2.843262,0.98401004,-1,269.52673482853834,4.356177084980548,291.4109126224408
125.00128,360.00638,1.77682,202.31992,1.77682,157.68646,-12.096167,41.220345,-16.659346,24.140083,2,18.778759,-1.7384996,1.6347932,0.0005109989499999,-1,1,43.641045,-1.5958927,-2.077111,5.834715,-1,269.52673482853834,4.356177084980548,291.4109126224408
124.99911,151.0004,1.77682,48.100414,1.77682,102.89999,-26.923601,1.4559022,-16.248993,11.886182,1,36.77343,0.15781754,-0.95751595,1.4956039,-1,1,23.63079,-1.3591399,2.4197414,7.0431657,-1,269.52673482853834,4.356177084980548,291.4109126224408
124.97023,377.9161,1.77682,153.9902,1.77682,223.92589,0.0124108335,3.2643623,-23.105944,-5.3640823,1,86.71098,-0.96371883,-3.060225,1.6269217,-1,1,68.20285,-2.00941,-1.8933147,3.8146973e-06,-1,269.52673482853834,4.356177084980548,291.4109126224408
125.002,280.8733,1.77682,182.85341,1.77682,98.01989,-25.487337,-1.7791705,2.589584,5.6186194,1,58.245335,-1.4364386,3.0072136,1.5064309,-1,1,38.29292,-1.3186566,0.21545309,1.8723564,-1,269.52673482853834,4.356177084980548,291.4109126224408
125.00027,416.38696,1.77682,81.74921,1.77682,334.63776,-16.224821,21.781075,-24.10218,15.170865,1,26.835543,-0.98972434,-3.0629067,0.64069027,-1,1,45.40405,-2.427914,1.3658843,0.14675722,-1,269.52673482853834,4.356177084980548,291.4109126224408
125.00172,284.2614,1.77682,17.082277,1.77682,267.17914,-36.311172,81.0129,-40.3239,87.300545,1,29.953423,-0.2570284,-0.36075783,6.0491266,-1,3,25.6828,1.3499348,2.061015,0.1056583755,-1,269.52673482853834,4.356177084980548,291.4109126224408
124.995125,213.73534,1.77682,109.99005,1.77682,103.745285,-6.364522,-20.638422,-23.533419,-28.741032,3,97.80926,0.201857,3.0245228,0.1056583755,-1,2,19.71049,1.2720094,-2.0063834,0.0005109989499999,-1,269.52673482853834,4.356177084980548,291.4109126224408
124.99797,157.40482,1.77682,103.82218,1.77682,53.582626,-37.840195,-2.2580051,-40.831715,11.286556,3,17.114489,1.0094227,3.1329186,0.1056583755,-1,1,221.2738,-0.21751778,0.9663713,44.57308,-1,269.52673482853834,4.356177084980548,291.4109126224408
125.02019,129.04173,1.77682,75.61832,1.77682,53.423416,-8.6009245,5.2440133,-8.438294,8.005955,1,81.10162,0.12864621,-0.5707257,8.316398,-1,3,40.15149,0.18005954,2.3177843,0.1056583755,-1,269.52673482853834,4.356177084980548,291.4109126224408
124.99799,564.3871,1.77682,206.76048,1.77682,357.6266,48.501728,60.09073,29.884693,85.70633,1,108.570694,0.9073848,0.79714507,6.5353518,-1,1,157.37724,1.1612892,1.4893966,5.9712296,-1,269.52673482853834,4.356177084980548,291.4109126224408
125.00859,238.51794,1.77682,118.85945,1.77682,119.65849,-20.229567,2.3373146,-31.971878,0.9720447,2,26.247246,1.017443,2.880515,0.0005109989499999,-1,1,36.670715,1.5887108,-0.632538,1.5347569,-1,269.52673482853834,4.356177084980548,291.4109126224408
125.00073,156.19028,1.77682,124.03579,1.77682,32.154488,110.07761,74.97484,69.390114,75.033134,2,11.0711,-0.27310413,0.82422704,0.0005109989499999,-1,1,48.366833,0.09819851,-2.5775557,3.9974217,-1,269.52673482853834,4.356177084980548,291.4109126224408
124.99999,523.3684,1.77682,92.68449,1.77682,430.68393,85.080154,32.340984,58.69102,16.56371,2,11.956121,1.6130677,-0.9429271,0.0005109989499999,-1,1,154.31613,1.349302,0.675259,1.8839114,-1,269.52673482853834,4.356177084980548,291.4109126224408
124.994545,431.7571,1.77682,290.77026,1.77682,140.98683,-48.294197,-27.753614,-51.32985,-16.3466,1,137.01065,1.3443961,-1.8957198,1.0336181,-1,1,43.410057,0.9726435,-2.9799447,0.74496084,-1,269.52673482853834,4.356177084980548,291.4109126224408
124.99799,205.75267,1.77682,50.438717,1.77682,155.31395,22.528278,-29.817633,16.085321,-10.016042,1,34.877335,-0.62230873,-2.8768964,1.0086734,-1,1,72.96321,-1.0107638,-0.31839043,4.340315,-1,269.52673482853834,4.356177084980548,291.4109126224408
125.00198,440.37592,1.77682,288.04257,1.77682,152.33333,84.40687,53.618526,95.980545,47.3169,1,67.19592,1.9712814,-1.9315625,2.8589962,-1,3,10.024257,1.4254615,2.256923,0.1056583755,-1,269.52673482853834,4.356177084980548,291.4109126224408
125.0007,273.55396,1.77682,224.50848,1.77682,49.045464,6.311826,-5.8569527,9.221636,5.8477407,1,26.644855,2.2881553,1.71792,2.9528944,-1,1,27.66932,0.48349208,-0.911756,5.819073,-1,269.52673482853834,4.356177084980548,291.4109126224408
125.00995,816.2221,1.77682,484.6941,1.77682,331.528,31.062042,-25.652464,-13.815739,-19.39672,1,53.41687,2.7743378,0.2812059,5.149663,-1,1,61.270897,2.383086,2.7906902,1.4357628,-1,269.52673482853834,4.356177084980548,291.4109126224408
125.0003,535.37555,1.77682,177.29156,1.77682,358.08395,-17.5512,-7.5587006,-18.127188,-1.7641919,2,40.694584,1.9346821,-0.4528765,0.0005109989499999,-1,1,50.677105,2.1661735,3.0476432,2.23031,-1,269.52673482853834,4.356177084980548,291.4109126224408
124.99875,560.3267,1.77682,483.1343,1.77682,77.192444,-53.411537,3.8038266,-41.147095,-10.169294,1,51.04308,2.3610387,3.0491765,3.988156,-1,3,26.219091,1.2333658,-1.3154769,0.1056583755,-1,269.52673482853834,4.356177084980548,291.4109126224408
125.00268,232.5498,1.77682,112.19836,1.77682,120.35145,-10.695221,-38.760212,-24.70313,-9.126102,1,34.76522,-1.2328639,-2.5413623,3.1861076,-1,1,85.06531,-1.0695949,1.313352,2.315191,-1,269.52673482853834,4.356177084980548,291.4109126224408
124.99875,413.83463,1.77682,256.59888,1.77682,157.23575,9.178118,-71.69659,28.898268,-75.88058,1,103.78864,-0.9270913,-1.1707546,8.932093,-1,1,79.6599,-1.2818227,-2.2030656,4.1148825,-1,269.52673482853834,4.356177084980548,291.4109126224408
124.99938,394.82535,1.77682,219.6351,1.77682,175.19025,22.290714,-0.4770991,16.43152,-2.3468823,1,70.86258,1.8220199,-2.8420882,3.265336,-1,1,47.915367,1.8006718,-0.046566337,8.028992,-1,269.52673482853834,4.356177084980548,291.4109126224408
125.00081,195.21269,1.77682,126.86437,1.77682,68.34833,-33.292625,11.331233,-38.60053,19.80314,2,12.876858,1.3317567,2.1075995,0.0005109989499999,-1,1,40.494812,0.3556338,-2.0938513,0.80499923,-1,269.52673482853834,4.356177084980548,291.4109126224408
124.987724,153.92084,1.77682,52.74416,1.77682,101.17668,6.3022485,-4.7693615,1.2575357,-6.7621093,2,14.273857,-0.7843808,-0.27331892,0.0005109989499999,-1,1,72.72957,-0.39187816,-3.1277795,0.8241948,-1,269.52673482853834,4.356177084980548,291.4109126224408
124.99976,677.5811,1.77682,271.06772,1.77682,406.51337,37.81972,-18.336008,19.730764,-15.714197,1,56.647797,2.167214,2.1834626,1.3821509,-1,1,25.12058,2.6023986,-0.7895084,1.1359665,-1,269.52673482853834,4.356177084980548,291.4109126224408
125.00483,280.7897,1.77682,63.21317,1.77682,217.57652,3.795733,-32.630455,7.148206,-12.88015,2,18.64862,-0.6249112,-2.6926668,0.0005109989499999,-1,3,11.320049,-2.2704408,-0.20213099,0.1056583755,-1,269.52673482853834,4.356177084980548,291.4109126224408
124.99902,317.72565,1.77682,137.86667,1.77682,179.85896,-1.2195491,-30.352385,-10.751007,-22.350216,3,31.714182,-1.4277675,-1.6357855,0.1056583755,-1,1,59.789104,-1.5866897,2.248729,2.6491506,-1,269.52673482853834,4.356177084980548,291.4109126224408
124.99804,210.48347,1.77682,175.04918,1.77682,35.434303,-63.215237,-25.912834,-78.46834,-6.8700213,3,16.520395,1.2166709,-3.0108414,0.1056583755,-1,1,33.74133,0.3121286,0.3285715,1.4230533,-1,269.52673482853834,4.356177084980548,291.4109126224408
124.99984,264.81555,1.77682,209.54942,1.77682,55.26612,11.886376,-9.398807,9.01647,2.94323,1,92.5943,-1.2481401,-0.9573978,0.8325982,-1,1,42.171883,-0.8169306,1.3815241,9.268867,-1,269.52673482853834,4.356177084980548,291.4109126224408
125.0059,149.71524,1.77682,55.860493,1.77682,93.85475,-23.292908,-18.126902,-14.430739,-10.1960125,1,35.26048,0.32299727,1.3123702,1.5691054,-1,2,26.24922,0.75880194,-2.0973473,0.0005109989499999,-1,269.52673482853834,4.356177084980548,291.4109126224408
125.00625,644.6105,1.77682,270.81534,1.77682,373.7951,-0.31040964,9.743011,-3.7474263,-2.209189,1,53.19585,-2.2840803,-2.4919376,4.1512136,-1,1,55.31176,-2.4759061,0.77516234,2.980318,-1,269.52673482853834,4.356177084980548,291.4109126224408
124.96184,168.12067,1.77682,140.11966,1.77682,28.000998,61.39878,36.10478,46.054897,56.671753,1,44.3547,0.32085323,0.86180294,2.9982097,-1,3,11.241377,-0.13256994,-2.193978,0.1056583755,-1,269.52673482853834,4.356177084980548,291.4109126224408
124.99886,723.4359,1.77682,128.09224,1.77682,595.3437,-87.56475,-337.10538,-101.70582,-345.59723,1,49.61638,-0.5513654,-1.4958341,3.404189,-1,2,104.63934,-0.939674,-1.9360898,0.0005109989499999,-1,269.52673482853834,4.356177084980548,291.4109126224408
124.98962,457.69165,1.77682,141.73892,1.77682,315.95273,-7.5519853,-40.63729,7.6216173,-54.314247,2,32.887222,-1.1345533,-1.2203786,0.0005109989499999,-1,1,24.091063,-2.967085,-2.4310598,3.328341,-1,269.52673482853834,4.356177084980548,291.4109126224408
124.999275,288.3411,1.77682,90.71694,1.77682,197.62416,21.871206,24.37555,3.9436023,29.26033,1,81.67882,-0.59707147,2.6425207,3.0641866,-1,3,13.587383,-2.2047846,1.2906265,0.1056583755,-1,269.52673482853834,4.356177084980548,291.4109126224408
124.977486,849.1416,1.77682,204.92436,1.77682,644.2172,7.3152165,-11.462893,-14.580335,-17.676725,1,74.92042,-1.683785,3.0804899,2.9262173,-1,1,110.637054,-2.3277628,-2.004689,2.9812036,-1,269.52673482853834,4.356177084980548,291.4109126224408
124.99674,1534.0847,1.77682,164.41249,1.77682,1369.6722,-19.713802,-8.125084,-4.169377,6.6034203,1,41.39002,2.1644335,0.20769405,4.7486644,-1,1,25.926674,4.2569838,2.7989213,2.0138083,-1,269.52673482853834,4.356177084980548,291.4109126224408
125.0004,897.62915,1.77682,700.3503,1.77682,197.27884,95.34105,-78.116295,92.86879,-44.144108,1,114.220375,-1.9110632,-0.55852884,0.0,-1,1,23.472147,-2.0194595,0.6088685,0.89971215,-1,269.52673482853834,4.356177084980548,291.4109126224408
124.999115,2485.2837,1.77682,892.9594,1.77682,1592.3243,-35.18365,23.261993,-10.367907,24.196922,1,63.14659,3.084724,2.4413853,5.6914253,-1,1,32.22525,4.3923473,0.8328512,2.7332284,-1,269.52673482853834,4.356177084980548,291.4109126224408
124.99895,556.0039,1.77682,107.43171,1.77682,448.5722,-1.8199415,6.203109,-6.897371,7.6027274,1,27.825108,1.7289723,-0.47124243,2.8631535,-1,1,85.65647,2.0980382,2.5231528,2.7988336,-1,269.52673482853834,4.356177084980548,291.4109126224408
125.001,129.32957,1.77682,76.42434,1.77682,52.905235,-11.512185,-6.464182,-3.7960212,3.6992211,1,41.009846,-0.61441195,2.098758,2.0903032,-1,2,30.872715,0.22493945,-1.1430485,0.0005109989499999,-1,269.52673482853834,4.356177084980548,291.4109126224408
125.00078,185.17453,1.77682,126.69128,1.77682,58.48325,-13.904238,0.8007889,-18.848986,3.4617715,1,39.602654,-1.7225183,-0.1475558,2.9567688,-1,2,33.950596,-0.2841591,2.968223,0.0005109989499999,-1,269.52673482853834,4.356177084980548,291.4109126224408
124.99694,409.49078,1.77682,236.77605,1.77682,172.71474,6.0452113,21.251219,8.947217,10.622695,1,52.91336,1.9399768,0.59343827,3.8760047,-1,1,104.38745,1.0876914,1.8421918,1.5519582,-1,269.52673482853834,4.356177084980548,291.4109126224408
124.99885,720.7456,1.77682,184.08087,1.77682,536.66473,-3.2077987,-50.075615,9.496337,-22.290768,3,11.967724,-1.885968,-0.6252349,0.1056583755,-1,1,39.212112,-2.756845,-3.1221828,5.3947965e-06,-1,269.52673482853834,4.356177084980548,291.4109126224408
125.00118,262.01254,1.77682,188.88156,1.77682,73.13098,-22.572424,-7.7388406,-23.16738,-7.0023384,1,57.05545,-1.8539479,0.2852474,3.8688662,-1,1,24.086432,-0.8443309,-2.9107358,0.878911,-1,269.52673482853834,4.356177084980548,291.4109126224408
124.99231,182.42218,1.77682,87.75458,1.77682,94.6676,11.495725,-4.195,-4.5298023,-15.516438,3,10.172614,2.1801727,-0.91706544,0.1056583755,-1,1,92.98061,0.10243229,-2.6008193,1.4340965,-1,269.52673482853834,4.356177084980548,291.4109126224408
125.00168,555.5593,1.77682,166.239,1.77682,389.3203,-94.74912,-18.832682,-89.42681,3.3384721,1,39.125404,1.7265667,1.5832449,3.6347632,-1,1,25.614088,1.9012616,-2.9064434,1.799903,-1,269.52673482853834,4.356177084980548,291.4109126224408
125.00155,191.34947,1.77682,109.430275,1.77682,81.9192,32.53669,18.623623,32.911938,13.278709,3,37.674118,1.5008202,-2.6156888,0.1056583755,-1,1,35.018528,0.59111655,0.38638857,1.67627,-1,269.52673482853834,4.356177084980548,291.4109126224408
125.029594,186.62106,1.77682,69.06267,1.77682,117.55839,6.607136,-21.941841,16.53487,-35.252945,1,31.918236,0.7506219,0.08476106,0.8968824,-1,3,74.68214,0.33969313,-1.7225317,0.1056583755,-1,269.52673482853834,4.356177084980548,291.4109126224408
125.000114,274.47632,1.77682,149.68626,1.77682,124.79004,-41.778343,25.583755,-63.34001,4.343311,1,63.65026,-0.66957414,3.0412056,2.6503525,-1,1,67.03261,-1.230282,-1.8811878,1.7379957,-1,269.52673482853834,4.356177084980548,291.4109126224408
125.001915,247.36862,1.77682,118.461,1.77682,128.90762,-46.933346,23.148731,-80.888466,26.678406,1,53.31976,0.7306291,-2.6777222,0.5867279,-1,1,54.886635,0.6897755,2.229349,3.4902759,-1,269.52673482853834,4.356177084980548,291.4109126224408
125.00304,476.05945,1.77682,69.00525,1.77682,407.0542,0.6066082,-11.4550495,0.20889041,-9.855551,2,32.85968,-1.0816269,-0.6963167,0.0005109989499999,-1,1,105.91981,-2.003799,-2.5827036,1.4281948,-1,269.52673482853834,4.356177084980548,291.4109126224408
124.99847,172.79402,1.77682,114.32435,1.77682,58.469673,-29.863388,35.8705,-27.219097,25.869562,1,29.634954,2.1219985,-0.6141993,2.6999347,-1,2,17.744287,0.036401432,2.3962302,0.0005109989499999,-1,269.52673482853834,4.356177084980548,291.4109126224408
124.99963,846.07336,1.77682,718.4997,1.77682,127.57363,-13.511405,8.213758,-1.9471208,22.755974,1,44.636234,-3.012924,1.6490144,3.7083528,-1,1,65.18138,-1.3416705,1.4343698,2.726523,-1,269.52673482853834,4.356177084980548,291.4109126224408
125.00406,1459.9084,1.77682,1119.048,1.77682,340.86044,-12.68878,-35.51375,2.1358275,-28.999737,1,37.229958,3.9695673,-0.18583983,1.0306756,-1,1,39.884544,2.3041313,-1.9645617,1.1720353,-1,269.52673482853834,4.356177084980548,291.4109126224408
124.999794,254.53525,1.77682,157.26631,1.77682,97.26894,-18.154934,-20.61773,-1.4403582,-8.892992,1,162.97002,0.2822075,-1.9694558,2.6804616,-1,1,23.877497,2.03185,-1.5192149,0.34449703,-1,269.52673482853834,4.356177084980548,291.4109126224408
125.00083,127.911354,1.77682,60.99015,1.77682,66.9212,-0.65369016,-31.522213,-8.652935,-23.533545,1,43.02953,0.1948869,-1.8672888,5.076996,-1,1,79.57371,0.113233306,1.5008014,1.7297101,-1,269.52673482853834,4.356177084980548,291.4109126224408
124.99712,1263.3763,1.77682,266.2718,1.77682,997.10455,18.798206,2.924199,3.9328892,-1.1443584,3,22.389091,2.362793,-0.16696376,0.1056583755,-1,1,26.891096,3.7412343,3.0243258,2.3984601,-1,269.52673482853834,4.356177084980548,291.4109126224408
125.00042,153.79839,1.77682,93.30598,1.77682,60.492413,33.239223,26.806927,20.994122,33.88234,3,15.292334,-0.7445249,1.1162539,0.1056583755,-1,1,42.54724,-0.46230862,-1.7420285,1.8892177,-1,269.52673482853834,4.356177084980548,291.4109126224408
125.00365,139.19646,1.77682,92.12454,1.77682,47.07191,25.029665,-9.385045,17.890472,-22.810928,3,43.139454,0.42299086,-1.3163509,0.1056583755,-1,1,25.157589,-0.95198524,1.325819,5.5748973,-1,269.52673482853834,4.356177084980548,291.4109126224408
125.00082,129.8715,1.77682,59.8195,1.77682,70.05201,-22.371555,-14.284007,-5.7411084,-9.1279545,1,32.76061,-1.2197559,-0.2892164,5.754452,-1,1,31.180342,0.9240467,-2.5239658,0.73839104,-1,269.52673482853834,4.356177084980548,291.4109126224408
124.99692,399.72644,1.77682,132.5836,1.77682,267.14285,18.02214,31.45695,41.048164,15.538684,1,38.0004,1.4432383,-0.7890504,5.8270693,-1,1,52.360733,1.6176598,1.0844706,1.5838698,-1,269.52673482853834,4.356177084980548,291.4109126224408
125.00033,162.06346,1.77682,72.54405,1.77682,89.51941,14.156894,-13.112655,14.140401,-25.601559,1,34.333084,0.5659313,-0.9495111,0.80275846,-1,1,88.76993,-0.054781232,-2.7072172,3.3208716,-1,269.52673482853834,4.356177084980548,291.4109126224408
124.99892,147.05481,1.77682,69.86662,1.77682,77.18819,18.456547,-9.976574,11.158207,-0.65839267,1,40.59075,0.59121746,0.04817173,1.2062418,-1,1,56.372036,0.55297613,-2.8838718,7.115868,-1,269.52673482853834,4.356177084980548,291.4109126224408
124.99936,1593.2712,1.77682,545.71075,1.77682,1047.5605,40.103203,-37.623936,41.520428,-37.330868,1,66.84792,-2.2971995,-1.1208075,2.425169,-1,1,60.45393,-3.1706996,-0.14076501,5.4785666,-1,269.52673482853834,4.356177084980548,291.4109126224408
124.99846,353.5947,1.77682,313.40195,1.77682,40.19277,2.9604168,27.295317,-2.8293717,37.38579,1,109.116425,1.4516734,1.740172,1.4935932,-1,1,37.48964,0.48422557,0.10578282,1.7877917,-1,269.52673482853834,4.356177084980548,291.4109126224408
125.00211,551.87115,1.77682,370.6537,1.77682,181.21748,6.4723096,1.3101665,-10.780917,-5.5543175,1,51.79189,-2.595336,3.0128412,3.754121,-1,1,81.56594,-1.2807872,-2.2263331,1.7098619,-1,269.52673482853834,4.356177084980548,291.4109126224408
124.99748,1051.2682,1.77682,611.8585,1.77682,439.40964,145.70619,-10.181824,176.26733,-19.180841,3,295.21375,-1.0272166,-0.2879587,0.1056583755,-1,1,154.59752,-1.1689705,0.09620969,0.9721428,-1,269.52673482853834,4.356177084980548,291.4109126224408
125.023384,305.69022,1.77682,78.3763,1.77682,227.3139,5.7238197,-11.201905,18.802145,12.492176,1,54.65187,-0.7030152,0.1743566,4.4302464,-1,3,47.50487,-2.057375,1.72502,0.1056583755,-1,269.52673482853834,4.356177084980548,291.4109126224408
125.00012,166.49873,1.77682,70.52696,1.77682,95.97178,-54.325996,2.9919975,-40.362537,-13.436957,1,29.088223,-0.866187,-2.5866451,1.0981864,-1,1,46.24448,1.0631657,-3.0580914,0.14808123,-1,269.52673482853834,4.356177084980548,291.4109126224408
125.002884,150.72556,1.77682,68.88566,1.77682,81.8399,18.510565,37.77169,28.495153,42.057137,1,31.185572,-0.71745986,-2.1982248,4.7683716e-07,-1,3,18.565279,-0.4703852,1.0013497,0.1056583755,-1,269.52673482853834,4.356177084980548,291.4109126224408
124.99597,396.1041,1.77682,63.87616,1.77682,332.22794,19.844543,44.94525,-4.860707,24.146904,1,34.95727,-0.77827424,2.5494435,1.4352796,-1,1,22.720406,-2.7033749,0.9487229,1.5127685,-1,269.52673482853834,4.356177084980548,291.4109126224408
124.99902,217.61375,1.77682,66.44834,1.77682,151.1654,-46.395924,19.653223,-45.623867,22.12288,3,16.891115,-0.9824211,-2.9819124,0.1056583755,-1,1,139.34889,0.09283915,2.1641397,10.171804,-1,269.52673482853834,4.356177084980548,291.4109126224408
124.99659,260.51596,1.77682,140.55167,1.77682,119.964294,-21.89679,-35.483044,-21.494362,-34.184635,1,26.149303,1.1987641,-2.3407688,0.15467381,-1,2,35.300365,1.4687809,0.22946158,0.0005109989499999,-1,269.52673482853834,4.356177084980548,291.4109126224408
125.001976,170.96552,1.77682,106.71498,1.77682,64.250534,3.7289355,8.095124,11.9861,5.401963,1,42.66739,-1.1320425,-1.7891614,1.5281597,-1,1,30.13687,-0.4923548,0.98897123,0.8091258,-1,269.52673482853834,4.356177084980548,291.4109126224408
125.00404,188.43431,1.77682,24.21165,1.77682,164.22267,-32.235157,49.087574,-23.053795,37.350502,1,94.8538,1.3625174,-1.0642823,17.39959,-1,1,46.021782,-1.239277,2.0094202,5.866328,-1,269.52673482853834,4.356177084980548,291.4109126224408
124.99732,140.21051,1.77682,96.49808,1.77682,43.71243,-38.264328,-18.527407,-46.262733,-7.9042673,2,47.360554,-0.020901287,-2.9886508,0.0005109989499999,-1,1,42.897625,0.59039724,0.07463188,4.182769,-1,269.52673482853834,4.356177084980548,291.4109126224408
124.99894,143.28003,1.77682,81.21911,1.77682,62.060932,-5.8076673,7.70745,-18.136633,-0.3077922,2,12.071188,0.8900418,2.7285798,0.0005109989499999,-1,1,31.35991,0.18512447,-0.75350916,1.7889285,-1,269.52673482853834,4.356177084980548,291.4109126224408
125.00078,215.44287,1.77682,171.47125,1.77682,43.971615,-1.6464871,-8.586988,-9.274676,-11.891808,1,70.04872,-1.6068667,1.2868589,1.3447136,-1,2,22.744337,-0.36263347,-2.1965642,0.0005109989499999,-1,269.52673482853834,4.356177084980548,291.4109126224408
124.998695,385.75073,1.77682,70.90688,1.77682,314.84384,-4.6267695,-12.580077,-13.183555,-21.508303,1,35.884686,1.2742698,1.0930213,0.15032136,-1,1,66.80581,1.8581797,-2.1848896,4.4417467,-1,269.52673482853834,4.356177084980548,291.4109126224408
124.99878,126.174965,1.77682,66.78573,1.77682,59.389236,-13.880621,-4.781202,-14.53607,2.0509992,1,34.119095,0.07537656,2.6545744,1.3762468,-1,1,35.397457,-0.20576961,-0.6828424,0.15210588,-1,269.52673482853834,4.356177084980548,291.4109126224408
125.00043,132.85818,1.77682,72.981575,1.77682,59.876614,23.90431,23.285547,5.665585,15.875412,1,28.23327,-1.2254394,-0.99115443,1.3089985,-1,1,30.067217,0.4702922,1.6716835,0.9958994,-1,269.52673482853834,4.356177084980548,291.4109126224408
125.000305,418.03687,1.77682,206.81554,1.77682,211.22131,-33.339733,29.828249,-52.681713,30.519054,3,10.025144,1.8232775,2.2237399,0.1056583755,-1,1,94.53159,1.3741186,-2.4204583,6.121734,-1,269.52673482853834,4.356177084980548,291.4109126224408
124.99633,214.25903,1.77682,178.80283,1.77682,35.45621,-13.654049,49.454445,-4.1880374,44.48538,1,33.861965,1.4098775,1.8683574,6.5129876,-1,1,28.41053,-0.08497372,-0.12966788,1.7941153,-1,269.52673482853834,4.356177084980548,291.4109126224408
125.02587,1053.018,1.77682,211.63463,1.77682,841.38336,-51.86439,18.85884,-48.47969,53.96906,1,24.055992,2.602351,0.39786276,1.8322258,-1,1,92.77228,2.3381858,2.466179,2.642639,-1,269.52673482853834,4.356177084980548,291.4109126224408
125.00287,206.58238,1.77682,150.67386,1.77682,55.90852,7.891141,38.14579,13.053169,11.009072,1,56.368557,-1.6664634,-2.3080425,5.1377754,-1,3,28.617212,-0.46022862,0.6920068,0.1056583755,-1,269.52673482853834,4.356177084980548,291.4109126224408
124.97878,2714.1887,1.77682,1159.92,1.77682,1554.2686,7.216328,-19.8394,-7.176031,6.5708137,1,31.909847,-4.3953815,-0.50251585,5.0150685,-1,1,117.56682,-3.3744562,2.3881614,15.251547,-1,269.52673482853834,4.356177084980548,291.4109126224408
124.99934,1300.3967,1.77682,838.8592,1.77682,461.53754,25.085209,-17.238369,18.232323,7.755889,1,81.439995,-2.7843993,0.2247029,2.5241961,-1,1,36.114166,-3.2294662,2.8695157,1.9016315,-1,269.52673482853834,4.356177084980548,291.4109126224408
125.009514,1104.042,1.77682,628.8522,1.77682,475.18976,-56.336464,-1.455572,-26.095638,-23.160772,1,59.571125,-2.7462645,-2.3244731,5.6673455,-1,1,77.42847,-2.5424743,-0.45171487,4.537859,-1,269.52673482853834,4.356177084980548,291.4109126224408
124.99891,149.05873,1.77682,93.145676,1.77682,55.91306,-12.498777,-15.257001,-7.964667,3.7375724,1,61.14241,0.94628906,0.059283353,2.0943646,-1,1,48.856827,0.17119995,2.8621013,2.0361648,-1,269.52673482853834,4.356177084980548,291.4109126224408
125.0022,426.6505,1.77682,351.01758,1.77682,75.63295,-9.336614,36.250015,-8.238516,16.72089,1,77.76596,-1.9666076,2.3527453,2.1581423,-1,1,47.57407,-1.1539524,0.35957053,5.404078,-1,269.52673482853834,4.356177084980548,291.4109126224408
125.0122,866.65344,1.77682,768.0541,1.77682,98.59937,-13.210615,42.024002,-10.839691,32.110817,1,37.53686,3.0112956,1.4940255,9.344062e-06,-1,1,36.057472,1.5634879,-2.9157238,1.0423721,-1,269.52673482853834,4.356177084980548,291.4109126224408
125.00115,187.63336,1.77682,109.88091,1.77682,77.75244,2.2073202,-40.731075,7.3404727,-28.839642,2,51.81037,1.1117959,1.826366,0.0005109989499999,-1,3,14.35917,0.74430746,-1.3509283,0.1056583755,-1,269.52673482853834,4.356177084980548,291.4109126224408
125.000656,171.55682,1.77682,137.27122,1.77682,34.28561,-3.801742,2.4576979,-1.1541953,0.47656372,3,20.495611,2.1167147,-1.0904604,0.1056583755,-1,2,17.24501,-0.45443898,2.1453855,0.0005109989499999,-1,269.52673482853834,4.356177084980548,291.4109126224408
124.998764,237.87268,1.77682,62.592606,1.77682,175.28008,27.131681,14.944409,34.97083,8.770834,1,44.74712,0.85781175,-1.7402588,2.5948963,-1,1,45.40158,1.1213423,0.5389993,4.92293,-1,269.52673482853834,4.356177084980548,291.4109126224408
124.99919,161.61894,1.77682,56.469856,1.77682,105.149086,28.026611,-15.80674,3.3491004,-7.3748255,2,26.176748,0.315032,-0.50616693,0.0005109989499999,-1,1,66.24785,1.0713748,2.86531,4.2482934,-1,269.52673482853834,4.356177084980548,291.4109126224408
124.99839,203.94315,1.77682,152.39934,1.77682,51.543804,16.706476,2.029504,10.657758,13.172221,1,42.77,1.6429611,0.88638556,4.656443,-1,1,49.414497,0.36174852,-2.6061382,1.714123,-1,269.52673482853834,4.356177084980548,291.4109126224408
125.004005,1227.3009,1.77682,1044.5544,1.77682,182.74646,-7.6826477,-17.604755,-33.625435,3.9859607,1,177.41586,-2.288254,3.0288513,11.046369,-1,1,40.68516,-2.3423853,1.4058765,3.617062,-1,269.52673482853834,4.356177084980548,291.4109126224408
124.996635,172.57988,1.77682,47.99869,1.77682,124.581184,0.20953727,36.83713,-8.516361,19.02642,2,22.911783,0.12302,2.0847974,0.0005109989499999,-1,1,64.28476,1.5126001,-1.0101613,3.3568993,-1,269.52673482853834,4.356177084980548,291.4109126224408
124.99647,734.1467,1.77682,505.98392,1.77682,228.16281,-85.94597,1.2911528,-102.343895,-9.835839,1,43.96537,-2.8078196,-2.5899565,0.80245304,-1,2,21.245424,-1.4726423,3.08138,0.0005109989499999,-1,269.52673482853834,4.356177084980548,291.4109126224408
125.01339,319.9624,1.77682,258.936,1.77682,61.026413,24.333176,0.70425135,6.499482,-24.638855,1,144.17511,-1.3411726,-1.6005741,22.35323,-1,1,52.95135,-0.1597072,-0.88644683,4.0395865,-1,269.52673482853834,4.356177084980548,291.4109126224408
125.00686,958.77264,1.77682,75.202415,1.77682,883.5702,-37.02051,8.777413,-48.75417,6.241659,3,30.420244,1.2468551,2.8878555,0.1056583755,-1,1,24.46838,3.4614427,3.0902035,0.0,-1,269.52673482853834,4.356177084980548,291.4109126224408
125.00032,422.05026,1.77682,235.85246,1.77682,186.19781,7.7335243,8.664008,-3.2671342,1.8972218,1,72.04584,-1.8755792,-1.9085423,1.9697088,-1,1,54.249985,-1.8127459,1.8009524,1.1647365,-1,269.52673482853834,4.356177084980548,291.4109126224408
124.98688,878.38776,1.77682,424.4618,1.77682,453.92596,-12.152201,5.2731233,1.8706586,1.2854161,1,49.902084,-2.7887213,-2.6436336,3.2828841,-1,1,61.28651,-2.604573,0.3868609,1.8951011,-1,269.52673482853834,4.356177084980548,291.4109126224408
125.00172,155.93163,1.77682,87.77278,1.77682,68.158844,-19.918995,-10.578992,-11.924691,-12.527497,2,31.780075,0.8803594,-2.3057256,0.0005109989499999,-1,1,44.003048,0.48463398,0.817271,0.14922632,-1,269.52673482853834,4.356177084980548,291.4109126224408
125.0023,213.31078,1.77682,76.623344,1.77682,136.68742,2.978973,5.467564,5.5362196,2.532489,1,52.78791,-0.57105035,0.07878762,4.7639904,-1,1,28.716583,-2.0140023,-3.073314,6.896151,-1,269.52673482853834,4.356177084980548,291.4109126224408
125.00149,126.94839,1.77682,57.75189,1.77682,69.1965,0.06614243,-23.689274,-2.7052207,-21.55075,1,38.7371,-0.551665,-1.74858,5.690555,-1,1,47.205345,0.95249486,1.1911124,1.6578065,-1,269.52673482853834,4.356177084980548,291.4109126224408
124.99961,226.17822,1.77682,44.75752,1.77682,181.4207,23.293615,-14.976149,27.140951,-10.409559,1,38.02104,0.49320155,1.3485279,1.21599,-1,2,115.72036,0.69862837,-0.57682943,0.0005109989499999,-1,269.52673482853834,4.356177084980548,291.4109126224408
124.987976,237.47162,1.77682,36.08781,1.77682,201.38382,-24.469673,67.2306,6.835184,72.02925,1,43.212772,-0.5170274,-0.8557138,7.6583095,-1,2,58.95773,-0.96547925,1.5167952,0.0005109989499999,-1,269.52673482853834,4.356177084980548,291.4109126224408
124.99772,571.7067,1.77682,242.9943,1.77682,328.71243,-50.50681,-97.04261,-37.440067,-51.75165,3,115.98212,-0.8253663,-2.2341115,0.1056583755,-1,1,164.18494,-1.177829,-1.6385311,1.7163178,-1,269.52673482853834,4.356177084980548,291.4109126224408
125.00323,137.23218,1.77682,59.06766,1.77682,78.16452,-3.051399,40.21944,-1.3196266,38.263527,1,22.859058,0.30054837,0.1131173,0.15917572,-1,1,28.06022,-0.10225395,2.3954523,8.31753,-1,269.52673482853834,4.356177084980548,291.4109126224408
125.01489,210.76831,1.77682,45.726036,1.77682,165.04228,-18.299484,-1.2744818,-14.751306,4.0029607,3,11.73477,-0.20850404,-2.9244552,0.1056583755,-1,2,16.16098,-2.2259443,0.6000826,0.0005109989499999,-1,269.52673482853834,4.356177084980548,291.4109126224408
124.99491,154.6551,1.77682,67.5581,1.77682,87.097,1.7493718,3.2040102,-4.031685,13.231623,1,45.173637,0.15976377,1.709452,3.9149725,-1,1,37.88599,1.1543338,-1.946051,2.0320916,-1,269.52673482853834,4.356177084980548,291.4109126224408
124.99737,128.36346,1.77682,54.911728,1.77682,73.45174,33.076096,-10.046008,12.395722,-12.115258,1,43.648293,-0.4638302,2.343134,1.5824906,-1,3,24.046852,0.918572,-0.85101885,0.1056583755,-1,269.52673482853834,4.356177084980548,291.4109126224408
125.000824,130.7586,1.77682,53.502186,1.77682,77.256424,3.3697758,-8.5487385,7.8214116,-6.6469517,3,25.332642,-0.68387693,-1.7887138,0.1056583755,-1,1,41.642696,0.76810503,0.75684303,0.14942566,-1,269.52673482853834,4.356177084980548,291.4109126224408
125.0007,353.61267,1.77682,221.40631,1.77682,132.20636,36.10222,17.39502,22.230255,16.450838,1,29.051558,-1.7956191,0.70219785,1.9207194,-1,1,35.67422,-1.553357,-2.2286744,1.1303385,-1,269.52673482853834,4.356177084980548,291.4109126224408
125.00031,229.55995,1.77682,102.24683,1.77682,127.31312,7.197502,-32.918953,30.34993,-52.021297,2,23.167599,1.4842966,-1.6993909,0.0005109989499999,-1,1,81.18906,0.19976649,-0.6698158,7.628394,-1,269.52673482853834,4.356177084980548,291.4109126224408
124.998695,128.87767,1.77682,64.64132,1.77682,64.23635,-9.840853,-5.627793,-7.7777476,-13.909198,1,45.831223,0.30887234,-2.2320476,7.449176,-1,1,48.65313,-0.7460346,0.5499405,0.37939972,-1,269.52673482853834,4.356177084980548,291.4109126224408
124.99429,1787.7991,1.77682,863.37604,1.77682,924.42303,53.92845,-50.125725,50.439693,-61.038174,1,24.309376,2.6970756,-0.9978091,-2.6973983e-06,-1,1,24.154846,4.332193,1.4106332,1.5258789e-05,-1,269.52673482853834,4.356177084980548,291.4109126224408
125.00251,140.42752,1.77682,85.92183,1.77682,54.505695,11.582488,33.86195,0.53040946,9.059313,1,57.4517,-0.7784833,-1.7511842,3.8268962,-1,1,27.121302,-0.1202514,1.3729234,1.8777438,-1,269.52673482853834,4.356177084980548,291.4109126224408
124.9974,153.2334,1.77682,51.396824,1.77682,101.83658,-23.576895,23.527018,-14.106005,33.54507,1,28.621016,0.6033656,1.5363398,2.3045266,-1,3,32.712772,-0.14222139,-0.57935476,0.1056583755,-1,269.52673482853834,4.356177084980548,291.4109126224408
124.99946,200.18596,1.77682,56.97504,1.77682,143.2109,25.217676,29.679304,27.269701,16.068335,1,42.202057,-0.48160797,-2.543824,0.14965618,-1,1,22.713665,-1.5510826,0.56318295,2.0822892,-1,269.52673482853834,4.356177084980548,291.4109126224408
125.003204,224.14053,1.77682,154.14723,1.77682,69.99329,9.27504,34.03068,-0.07011162,27.835083,3,26.386553,-1.4039745,1.3376764,0.1056583755,-1,2,31.651493,-0.81764627,-2.1303322,0.0005109989499999,-1,269.52673482853834,4.356177084980548,291.4109126224408
125.004005,374.04022,1.77682,335.3269,1.77682,38.71331,-12.370867,2.3686247,0.356562,-15.661584,1,44.896084,-2.4774363,-0.8497968,5.5344124,-1,1,25.661627,-0.5251967,3.0594316,3.426602,-1,269.52673482853834,4.356177084980548,291.4109126224408
125.00276,232.45262,1.77682,68.07116,1.77682,164.38147,6.9765396,-34.23847,-1.8995365,-30.285969,1,33.40935,-0.7674021,0.35187522,2.8393364,-1,1,45.22916,-1.3216002,-2.0500836,3.294505,-1,269.52673482853834,4.356177084980548,291.4109126224408
124.995186,254.37773,1.77682,148.40201,1.77682,105.975716,8.12763,2.6940851,7.765735,-4.73738,3,34.44647,-1.6629708,2.6473389,0.1056583755,-1,1,44.422707,-1.0665127,-0.49220264,7.3191757,-1,269.52673482853834,4.356177084980548,291.4109126224408
125.006615,246.454,1.77682,33.351936,1.77682,213.10207,0.28467736,11.041431,0.9370495,14.721547,2,28.812399,0.051318027,-0.19262321,0.0005109989499999,-1,1,47.188057,1.9080933,1.8425864,1.3770779,-1,269.52673482853834,4.356177084980548,291.4109126224408
125.047226,157.43872,1.77682,63.249905,1.77682,94.18881,-24.33757,2.0280259,-19.757355,-8.092525,1,30.51317,-0.18439968,2.8484814,2.9452477,-1,1,34.12405,-1.1439539,-0.9183021,5.238351,-1,269.52673482853834,4.356177084980548,291.4109126224408
124.997795,362.03885,1.77682,279.60757,1.77682,82.431274,-5.835113,-127.16394,-13.659377,-138.87375,2,144.43019,-0.2071944,-1.6158682,0.0005109989499999,-1,1,48.635517,-0.93210655,-2.3250387,1.8350511,-1,269.52673482853834,4.356177084980548,291.4109126224408
125.000595,148.7026,1.77682,69.55276,1.77682,79.14986,-26.158846,0.8415201,-4.0309076,2.2249675,1,47.75942,0.45746276,3.072247,1.4977332,-1,1,64.541504,0.7522637,-0.00950426,1.6602685,-1,269.52673482853834,4.356177084980548,291.4109126224408
125.0061,938.02875,1.77682,772.7359,1.77682,165.29282,21.789854,-2.0871482,3.51987,-10.468628,1,41.561577,-3.271463,0.9598365,1.9019662,-1,2,24.356981,-1.9306532,-1.6830822,0.0005109989499999,-1,269.52673482853834,4.356177084980548,291.4109126224408
125.01908,224.85625,1.77682,52.104095,1.77682,172.75215,-2.086564,20.076836,-3.3214662,9.699702,1,42.845253,-0.3237012,-2.3740964,1.3692437,-1,3,17.472868,-2.3232198,1.3264977,0.1056583755,-1,269.52673482853834,4.356177084980548,291.4109126224408
124.99749,184.09883,1.77682,111.97865,1.77682,72.12018,29.398834,-3.8571076,26.134155,1.7927086,1,64.052635,1.0182933,-2.1605506,2.775992,-1,2,28.148407,0.66274434,0.26477787,0.0005109989499999,-1,269.52673482853834,4.356177084980548,291.4109126224408
125.00342,186.41261,1.77682,134.88728,1.77682,51.52533,43.786713,-36.702896,48.679302,-46.037872,1,68.368645,0.21593045,-0.29155767,0.14592357,-1,3,15.682752,0.39503974,-2.0955496,0.1056583755,-1,269.52673482853834,4.356177084980548,291.4109126224408
124.9781,287.17334,1.77682,88.65655,1.77682,198.5168,-53.764854,-18.566505,-57.30211,-20.927483,1,49.71626,1.1456989,-0.3142721,0.14738545,-1,1,27.095846,1.5208257,-2.8729143,4.004476,-1,269.52673482853834,4.356177084980548,291.4109126224408
125.00113,225.99864,1.77682,54.12174,1.77682,171.8769,-53.79762,-83.66218,-43.21951,-71.60336,1,31.114151,-1.0274355,1.5884886,0.78320676,-1,2,35.25333,-0.8997192,-2.083172,0.0005109989499999,-1,269.52673482853834,4.356177084980548,291.4109126224408
124.9967,130.03201,1.77682,50.377586,1.77682,79.654434,-2.7916067,-19.203165,0.6294824,-14.294514,1,35.16037,0.7933421,1.5799227,4.531386,-1,3,18.191896,-1.3473188,-1.5204145,0.1056583755,-1,269.52673482853834,4.356177084980548,291.4109126224408
124.99542,1368.4641,1.77682,552.4391,1.77682,816.025,-28.75992,-6.7088275,-11.993232,-8.399887,1,58.029774,2.9272397,0.3418464,2.4279218,-1,1,38.899277,3.180331,-2.6104777,4.3343515,-1,269.52673482853834,4.356177084980548,291.4109126224408
124.99861,245.41373,1.77682,52.17141,1.77682,193.24231,10.561758,2.2790923,-0.15345566,1.8562179,1,49.268997,-0.40106228,0.52145857,3.2484844,-1,1,48.618076,-2.1862972,2.9080074,3.2949026,-1,269.52673482853834,4.356177084980548,291.4109126224408
124.99511,127.29962,1.77682,64.67123,1.77682,62.628395,17.109655,-13.901784,14.498948,-26.046913,1,31.575247,0.54823756,-1.0272447,0.91360885,-1,1,30.276453,-0.9832891,2.1585836,3.212157,-1,269.52673482853834,4.356177084980548,291.4109126224408
125.00384,451.76202,1.77682,82.27437,1.77682,369.48764,-1.4321294,-71.03231,-6.5413904,-66.007515,1,27.702236,-0.45320636,-1.7872653,0.0,-1,1,121.52574,-1.7231022,-1.5152488,0.14248508,-1,269.52673482853834,4.356177084980548,291.4109126224408
124.999016,179.30177,1.77682,93.66288,1.77682,85.63889,-22.746086,-40.481373,-50.62378,-27.43303,1,109.39002,-0.2250109,2.378191,1.8042384,-1,3,28.724426,0.17185338,-2.410344,0.1056583755,-1,269.52673482853834,4.356177084980548,291.4109126224408
124.99899,410.50555,1.77682,347.42337,1.77682,63.082195,-52.626183,-51.401005,-42.177624,-58.99748,3,29.466146,1.961963,-2.3903008,0.1056583755,-1,1,40.44059,0.6720964,-1.1818645,0.8057211,-1,269.52673482853834,4.356177084980548,291.4109126224408
124.9669,218.2505,1.77682,147.78336,1.77682,70.46715,-1.6114168,78.37181,2.987943,84.26117,1,25.396008,0.7752391,1.5791088,1.3948904,-1,1,32.17801,1.3459353,-0.9363439,2.5297797,-1,269.52673482853834,4.356177084980548,291.4109126224408
125.00313,658.1948,1.77682,83.51613,1.77682,574.6787,-7.927712,-11.387962,-6.44294,-22.641481,1,43.828873,1.148507,-2.991033,2.6939824,-1,1,101.266106,2.2753417,-1.7064661,4.6670513,-1,269.52673482853834,4.356177084980548,291.4109126224408
124.990486,388.4813,1.77682,139.25273,1.77682,249.22855,-35.484486,-52.892357,-22.831928,-32.772633,1,38.213627,2.0090756,1.2813962,1.7334608,-1,2,48.912056,1.5341642,-2.125875,0.0005109989499999,-1,269.52673482853834,4.356177084980548,291.4109126224408
125.00394,135.61252,1.77682,69.02261,1.77682,66.589905,-5.0582514,-0.0360988,5.910748,2.23327,1,58.67126,0.20488705,0.16453405,1.3813536,-1,1,49.321396,0.60554445,3.1326559,1.2417945,-1,269.52673482853834,4.356177084980548,291.4109126224408
124.994354,133.57329,1.77682,57.5777,1.77682,75.99559,-11.614498,3.4785922,0.49996418,9.943237,1,53.974464,0.1630535,-2.2569728,2.923937,-1,3,24.272919,-1.1319939,1.3165143,0.1056583755,-1,269.52673482853834,4.356177084980548,291.4109126224408
124.99804,562.9885,1.77682,80.807846,1.77682,482.1807,-82.67233,-57.98911,-79.18493,-86.51302,2,15.906757,-1.9825206,-1.0038997,0.0005109989499999,-1,3,165.22295,-1.1000036,-2.344851,0.1056583755,-1,269.52673482853834,4.356177084980548,291.4109126224408
125.00046,230.17055,1.77682,57.54503,1.77682,172.62552,0.14231865,11.14394,8.061325,11.535442,1,35.972256,-0.52399343,-2.499887,2.4027622,-1,1,28.18248,-1.9694372,0.67439175,5.249638,-1,269.52673482853834,4.356177084980548,291.4109126224408
124.99769,159.51132,1.77682,121.7523,1.77682,37.759026,-19.775318,19.779684,-10.0416565,12.69864,2,42.111637,-1.0291336,1.8393364,0.0005109989499999,-1,1,29.951786,0.124002144,-1.5836414,1.6080003,-1,269.52673482853834,4.356177084980548,291.4109126224408
125.0025,130.56467,1.77682,46.835545,1.77682,83.72912,4.997477,9.033039,1.3080143,-1.9187382,1,47.878056,-0.26776347,-1.7551856,6.268488,-1,1,65.80651,0.2527473,1.2654811,0.585787,-1,269.52673482853834,4.356177084980548,291.4109126224408
124.99706,520.80115,1.77682,167.0899,1.77682,353.71127,-8.563596,1.7836244,8.19162,1.6438229,3,34.91831,-1.8122675,-2.4667916,0.1056583755,-1,1,40.106937,-2.3411205,0.5685328,1.0539869,-1,269.52673482853834,4.356177084980548,291.4109126224408
125.00876,386.39484,1.77682,165.81442,1.77682,220.58043,7.661968,-6.207179,6.493347,-1.9513817,1,56.84901,-1.6319487,2.54492,1.9244791,-1,1,42.161774,-1.9804624,-0.50820005,1.0969247,-1,269.52673482853834,4.356177084980548,291.4109126224408
124.99905,536.8554,1.77682,229.12622,1.77682,307.7292,79.2423,81.46397,88.79387,86.455795,3,28.788857,1.1598808,0.5549024,0.1056583755,-1,1,80.57117,1.6769845,1.4784337,0.898014,-1,269.52673482853834,4.356177084980548,291.4109126224408
124.99835,631.77924,1.77682,261.5118,1.77682,370.26743,15.928076,0.047200292,19.747946,-11.733496,1,67.41688,1.8901962,-2.6537204,5.155176,-1,1,26.196953,2.6613162,-0.38303244,0.9022933,-1,269.52673482853834,4.356177084980548,291.4109126224408
125.00186,266.89374,1.77682,172.56868,1.77682,94.32507,-9.467809,80.48729,-6.8268394,61.69905,2,15.048653,1.3625144,1.6134753,0.0005109989499999,-1,1,58.364105,1.320713,-1.7435665,5.660026,-1,269.52673482853834,4.356177084980548,291.4109126224408
125.00044,144.87566,1.77682,84.02124,1.77682,60.854416,-4.8994803,-6.523828,-0.19624785,-16.779625,1,72.66853,0.42036638,-2.3481677,1.5100663,-1,3,47.08422,-0.106819265,-0.19570513,0.1056583755,-1,269.52673482853834,4.356177084980548,291.4109126224408
124.9999,380.8904,1.77682,314.43533,1.77682,66.45509,-192.11511,145.38129,-193.30528,154.86325,3,69.94804,-0.2303457,2.5213263,0.1056583755,-1,1,37.0441,-0.62701315,1.6294782,1.6135291,-1,269.52673482853834,4.356177084980548,291.4109126224408
124.99753,562.77075,1.77682,454.28625,1.77682,108.48451,-1.7974676,37.164703,-15.471989,25.101473,1,55.99447,-2.2887654,2.1423583,5.070725,-1,1,23.211298,-1.8014907,-1.2049478,4.151354,-1,269.52673482853834,4.356177084980548,291.4109126224408
125.00344,1461.4718,1.77682,557.1981,1.77682,904.2737,36.742638,-67.83897,22.46079,-66.4171,1,41.38107,-2.9116807,-2.770537,2.091548,-1,1,28.755081,-2.944764,-1.0172219,5.3947965e-06,-1,269.52673482853834,4.356177084980548,291.4109126224408
125.01538,155.95552,1.77682,50.254635,1.77682,105.70089,16.462778,64.65891,13.928245,53.41437,3,12.981987,-1.2240368,0.35319516,0.1056583755,-1,3,25.341816,0.88910586,1.5521089,0.1056583755,-1,269.52673482853834,4.356177084980548,291.4109126224408
124.99849,159.96846,1.77682,54.28356,1.77682,105.68489,-39.41507,18.695955,-28.621265,11.402938,1,23.977877,0.7541052,-1.6118635,2.1115222,-1,1,55.029095,0.37688246,2.1681857,0.30609912,-1,269.52673482853834,4.356177084980548,291.4109126224408
124.99877,164.11046,1.77682,120.22343,1.77682,43.887028,-108.35194,-37.70036,-87.98034,-31.054815,3,11.915899,0.1293307,-2.9517343,0.1056583755,-1,3,14.886239,0.64691174,-0.64289933,0.1056583755,-1,269.52673482853834,4.356177084980548,291.4109126224408
125.00345,181.45786,1.77682,86.07886,1.77682,95.37899,13.935792,11.365641,21.199104,4.4025083,2,53.055008,-0.9479672,-2.532194,0.0005109989499999,-1,1,46.51212,-0.8715131,0.27756143,0.86474943,-1,269.52673482853834,4.356177084980548,291.4109126224408
125.066124,643.07776,1.77682,94.46005,1.77682,548.61774,-21.699919,17.39378,-18.759909,8.753968,1,29.163954,1.5489037,2.9062698,5.1420813,-1,1,53.63823,2.9986238,0.12228135,5.133903,-1,269.52673482853834,4.356177084980548,291.4109126224408
125.00378,384.50394,1.77682,308.88095,1.77682,75.62299,-39.54918,4.597999,-23.550068,13.175387,1,48.5708,2.0868852,-2.8824415,3.9675188,-1,1,29.275549,1.0108379,1.2205968,3.61506,-1,269.52673482853834,4.356177084980548,291.4109126224408
124.99758,225.32724,1.77682,54.326427,1.77682,171.00081,-17.061804,1.3558539,3.8747344,-3.5825052,3,12.827735,-1.2428045,2.2772331,0.1056583755,-1,1,110.80583,-0.75391495,-0.85858834,1.3717786,-1,269.52673482853834,4.356177084980548,291.4109126224408
124.99897,132.4511,1.77682,65.48521,1.77682,66.96589,18.534044,19.096678,6.3067803,7.818176,2,14.278337,1.36249,-3.1337416,0.0005109989499999,-1,3,35.22429,-0.46222767,0.24688071,0.1056583755,-1,269.52673482853834,4.356177084980548,291.4109126224408
124.996895,881.08624,1.77682,255.59546,1.77682,625.4908,-17.883673,-24.316187,-9.459473,-25.934576,1,47.05719,-1.8907784,-1.9425684,0.9796412,-1,1,23.161442,-4.0894947,-0.08588351,0.610877,-1,269.52673482853834,4.356177084980548,291.4109126224408
125.000565,137.93909,1.77682,68.93646,1.77682,69.002625,-14.0337925,-7.2557917,-19.039392,-16.414843,3,37.598835,0.3967872,-2.43612,0.1056583755,-1,1,53.271782,0.517164,0.6301846,3.52338,-1,269.52673482853834,4.356177084980548,291.4109126224408
125.00115,149.70181,1.77682,110.85878,1.77682,38.843033,21.213799,4.942528,30.186064,-16.059404,1,42.111675,0.7994241,-0.42110872,8.30234,-1,1,29.778872,-0.11349126,2.7675402,1.248441,-1,269.52673482853834,4.356177084980548,291.4109126224408
125.001686,228.87633,1.77682,123.049835,1.77682,105.82649,16.328218,17.448523,4.702048,30.550993,1,49.22697,-0.9507386,1.8040824,2.7117896,-1,3,36.136246,-1.326769,-0.57345015,0.1056583755,-1,269.52673482853834,4.356177084980548,291.4109126224408
125.00052,130.9513,1.77682,50.07256,1.77682,80.878746,1.5375047,-5.920197,6.96069,-6.5304666,3,16.811306,-0.51498395,0.9932278,0.1056583755,-1,1,26.979435,0.91486806,-1.8343128,0.98289984,-1,269.52673482853834,4.356177084980548,291.4109126224408
125.00231,127.4414,1.77682,72.48761,1.77682,54.95379,-2.5064697,3.30188,0.2754599,-2.515773,1,47.75413,0.76203424,-1.1624455,1.7866228,-1,1,41.443104,-0.42395592,2.0067408,1.4734263,-1,269.52673482853834,4.356177084980548,291.4109126224408
125.00516,902.71576,1.77682,139.65108,1.77682,763.0647,6.31615,-3.188281,6.502021,-3.636373,1,37.88984,1.80896,-0.62642914,0.90298545,-1,1,45.369656,3.5515993,2.5103629,4.2411604,-1,269.52673482853834,4.356177084980548,291.4109126224408
124.9981,201.26523,1.77682,67.67845,1.77682,133.58679,-14.540682,-64.35609,-16.839409,-62.90657,1,23.357698,-0.56458825,-2.580646,1.957032,-1,1,97.93458,-0.017665364,-1.1564463,3.166302,-1,269.52673482853834,4.356177084980548,291.4109126224408
124.99793,480.48367,1.77682,362.62357,1.77682,117.86011,6.9749813,-13.177282,-0.85708874,18.949612,1,23.75736,3.2737281,-0.068482384,0.0,-1,1,62.337757,1.2080114,1.8050073,1.2723336,-1,269.52673482853834,4.356177084980548,291.4109126224408
124.9922,717.48694,1.77682,86.168526,1.77682,631.3184,13.339997,-1.0685893,5.836275,1.979628,1,27.044636,-1.4139086,1.2232305,0.7196689,-1,1,36.193256,-3.446738,-1.41258,2.8312368,-1,269.52673482853834,4.356177084980548,291.4109126224408
125.00216,488.88647,1.77682,333.50894,1.77682,155.37755,-13.586072,-6.29346,-0.18463397,5.231584,1,57.294224,2.3501549,-1.673087,3.3315303,-1,1,52.97153,1.6850415,1.4838201,2.5229876,-1,269.52673482853834,4.356177084980548,291.4109126224408
124.990746,151.87051,1.77682,35.63324,1.77682,116.237274,5.9598613,-1.1190251,2.0754864,-2.9872253,2,19.358418,0.78664315,2.349432,0.0005109989499999,-1,2,35.649693,-1.6462978,-0.8640384,0.0005109989499999,-1,269.52673482853834,4.356177084980548,291.4109126224408
125.000885,502.3896,1.77682,62.165783,1.77682,440.2238,-71.484245,-25.266525,-80.803635,-23.362816,1,44.877945,1.0550939,-1.4315244,6.4245596,-1,2,50.70472,1.9034134,3.01796,0.0005109989499999,-1,269.52673482853834,4.356177084980548,291.4109126224408
125.00082,298.9966,1.77682,45.584625,1.77682,253.41197,60.41117,38.491558,44.817825,10.42388,1,23.501795,-0.6019005,2.1096566,3.3231342,-1,1,40.646046,-1.5787052,-0.09497254,0.1486408,-1,269.52673482853834,4.356177084980548,291.4109126224408
125.00023,174.36382,1.77682,38.81478,1.77682,135.54903,9.08962,6.99011,-0.47958657,-3.8702834,2,27.221476,-0.2292673,-0.48957247,0.0005109989499999,-1,1,34.8373,1.8527728,3.014974,1.6489904,-1,269.52673482853834,4.356177084980548,291.4109126224408
125.0046,218.81516,1.77682,82.4423,1.77682,136.37285,-51.12451,38.200916,-47.17269,31.351374,1,61.31078,-0.9866137,-0.43682113,2.877198,-1,3,13.079095,-1.2924258,2.5479743,0.1056583755,-1,269.52673482853834,4.356177084980548,291.4109126224408
125.00357,638.40845,1.77682,291.56915,1.77682,346.83926,32.862144,-51.666016,33.41338,-44.837723,1,22.675123,2.787814,2.0104716,4.672031e-06,-1,3,15.99199,1.9925128,-0.92129767,0.1056583755,-1,269.52673482853834,4.356177084980548,291.4109126224408